local;art;cant;zona;motivo;ean;titulo;stock_07_10
NEUQUEN PORTAL PATAGONIA;751430;8;INTERIOR;carga inicial;2909907514307;BIO;0
USHUAIA;751430;8;INTERIOR;carga inicial;2909907514307;BIO;0
ABASTO;751430;5;AMBA;nivelacion Bio;2909907514307;BIO;8
AEROPARQUE;751430;5;AMBA;nivelacion Bio;2909907514307;BIO;8
ALTO PALERMO;751430;6;AMBA;nivelacion Bio;2909907514307;BIO;7
ATENEO FLORIDA 340;751430;5;AMBA;nivelacion Bio;2909907514307;BIO;8
ATENEO FLORIDA 632;751430;5;AMBA;nivelacion Bio;2909907514307;BIO;8
ATENEO GRAND SPLENDID;751430;12;AMBA;nivelacion Bio;2909907514307;BIO;0
ATENEO JURAMENTO;751430;3;AMBA;nivelacion Bio;2909907514307;BIO;10
BORGES;751430;5;AMBA;nivelacion Bio;2909907514307;BIO;8
CABALLITO;751430;5;AMBA;nivelacion Bio;2909907514307;BIO;8
DOT BAIRES SHOPPING;751430;5;AMBA;nivelacion Bio;2909907514307;BIO;8
FLORES;751430;5;AMBA;nivelacion Bio;2909907514307;BIO;8
PALERMO PORTAL;751430;9;AMBA;nivelacion Bio;2909907514307;BIO;4
PASEO ALCORTA;751430;5;AMBA;nivelacion Bio;2909907514307;BIO;8
PATIO BULLRICH;751430;8;AMBA;nivelacion Bio;2909907514307;BIO;5
SOLAR DE LA ABADIA;751430;6;AMBA;nivelacion Bio;2909907514307;BIO;7
VILLA CRESPO;751430;8;AMBA;nivelacion Bio;2909907514307;BIO;5
VILLA URQUIZA;751430;8;AMBA;nivelacion Bio;2909907514307;BIO;5
DEVOTO;751430;4;AMBA;nivelacion Bio;2909907514307;BIO;8
AVELLANEDA;751430;5;AMBA;nivelacion Bio;2909907514307;BIO;8
EZEIZA;751430;8;AMBA;nivelacion Bio;2909907514307;BIO;5
LOMAS DE ZAMORA;751430;6;AMBA;nivelacion Bio;2909907514307;BIO;7
PALMAS DEL PILAR;751430;5;AMBA;nivelacion Bio;2909907514307;BIO;8
PLAZA OESTE;751430;8;AMBA;nivelacion Bio;2909907514307;BIO;5
QUILMES CENTRO;751430;4;AMBA;nivelacion Bio;2909907514307;BIO;8
REMEROS (NORDELTA);751430;5;AMBA;nivelacion Bio;2909907514307;BIO;8
SAN JUSTO;751430;6;AMBA;nivelacion Bio;2909907514307;BIO;7
SAN MIGUEL;751430;5;AMBA;nivelacion Bio;2909907514307;BIO;8
TORTUGAS OPEN MALL;751430;7;AMBA;nivelacion Bio;2909907514307;BIO;6
ATENEO LA PLATA;751430;6;AMBA;nivelacion Bio;2909907514307;BIO;7
CALLE 12;751430;5;AMBA;nivelacion Bio;2909907514307;BIO;8
ATENEO GRAND SPLENDID;751424;8;AMBA;carga inicial;2909907514246;CONTEMPORANEA;0
NEUQUEN PORTAL PATAGONIA;751424;8;INTERIOR;carga inicial;2909907514246;CONTEMPORANEA;0
USHUAIA;751424;8;INTERIOR;carga inicial;2909907514246;CONTEMPORANEA;0
CABALLITO;751424;6;AMBA;menos de 3 dias;2909907514246;CONTEMPORANEA;2
DOT BAIRES SHOPPING;751424;7;AMBA;menos de 3 dias;2909907514246;CONTEMPORANEA;1
AVELLANEDA;751424;6;AMBA;menos de 3 dias;2909907514246;CONTEMPORANEA;2
PLAZA OESTE;751424;8;AMBA;menos de 3 dias;2909907514246;CONTEMPORANEA;0
SAN JUSTO;751424;7;AMBA;menos de 3 dias;2909907514246;CONTEMPORANEA;1
TORTUGAS OPEN MALL;751424;6;AMBA;menos de 3 dias;2909907514246;CONTEMPORANEA;2
ALTO NOA SHOPPING - SALTA;751424;5;INTERIOR;menos de 3 dias;2909907514246;CONTEMPORANEA;3
NUEVO CENTRO SHOPPING;751424;8;INTERIOR;menos de 3 dias;2909907514246;CONTEMPORANEA;0
PARANA;751424;6;INTERIOR;menos de 3 dias;2909907514246;CONTEMPORANEA;2
PATIO OLMOS;751424;6;INTERIOR;menos de 3 dias;2909907514246;CONTEMPORANEA;2
ALTO NOA SHOPPING - SALTA;751424;9;INTERIOR;reparto por venta;2909907514246;CONTEMPORANEA;3
ATENEO CORDOBA CENTRO;751424;2;INTERIOR;reparto por venta;2909907514246;CONTEMPORANEA;7
ATENEO ROSARIO;751424;2;INTERIOR;reparto por venta;2909907514246;CONTEMPORANEA;7
ATENEO TUCUMAN;751424;5;INTERIOR;reparto por venta;2909907514246;CONTEMPORANEA;5
BAHIA BLANCA SHOPPING;751424;5;INTERIOR;reparto por venta;2909907514246;CONTEMPORANEA;5
BARILOCHE;751424;5;INTERIOR;reparto por venta;2909907514246;CONTEMPORANEA;5
COMODORO RIVADAVIA;751424;7;INTERIOR;reparto por venta;2909907514246;CONTEMPORANEA;4
MAR DEL PLATA M. BENDU;751424;5;INTERIOR;reparto por venta;2909907514246;CONTEMPORANEA;5
MAR DEL PLATA PASEO ALDREY;751424;5;INTERIOR;reparto por venta;2909907514246;CONTEMPORANEA;5
MENDOZA CENTRO;751424;4;INTERIOR;reparto por venta;2909907514246;CONTEMPORANEA;6
MENDOZA PALMARES;751424;2;INTERIOR;reparto por venta;2909907514246;CONTEMPORANEA;7
MENDOZA SHOPPING;751424;5;INTERIOR;reparto por venta;2909907514246;CONTEMPORANEA;5
NUEVO CENTRO SHOPPING;751424;14;INTERIOR;reparto por venta;2909907514246;CONTEMPORANEA;0
PARANA;751424;11;INTERIOR;reparto por venta;2909907514246;CONTEMPORANEA;2
PATIO OLMOS;751424;11;INTERIOR;reparto por venta;2909907514246;CONTEMPORANEA;2
RIO CUARTO;751424;2;INTERIOR;reparto por venta;2909907514246;CONTEMPORANEA;4
SAN LUIS;751424;2;INTERIOR;reparto por venta;2909907514246;CONTEMPORANEA;7
SANTA FE Ribera Shopping;751424;2;INTERIOR;reparto por venta;2909907514246;CONTEMPORANEA;7
TRELEW;751424;4;INTERIOR;reparto por venta;2909907514246;CONTEMPORANEA;3
TUCUMAN PORTAL;751424;4;INTERIOR;reparto por venta;2909907514246;CONTEMPORANEA;6
ATENEO GRAND SPLENDID;751428;8;AMBA;carga inicial;2909907514284;EROTICA;0
NEUQUEN PORTAL PATAGONIA;751428;8;INTERIOR;carga inicial;2909907514284;EROTICA;0
USHUAIA;751428;8;INTERIOR;carga inicial;2909907514284;EROTICA;0
ABASTO;751428;8;AMBA;menos de 3 dias;2909907514284;EROTICA;0
ALTO PALERMO;751428;8;AMBA;menos de 3 dias;2909907514284;EROTICA;0
CABALLITO;751428;7;AMBA;menos de 3 dias;2909907514284;EROTICA;1
DOT BAIRES SHOPPING;751428;8;AMBA;menos de 3 dias;2909907514284;EROTICA;0
AVELLANEDA;751428;7;AMBA;menos de 3 dias;2909907514284;EROTICA;1
EZEIZA;751428;3;AMBA;menos de 3 dias;2909907514284;EROTICA;0
PLAZA OESTE;751428;8;AMBA;menos de 3 dias;2909907514284;EROTICA;0
TORTUGAS OPEN MALL;751428;8;AMBA;menos de 3 dias;2909907514284;EROTICA;0
UNICENTER;751428;13;AMBA;menos de 3 dias;2909907514284;EROTICA;2
ALTO COMAHUE;751428;4;INTERIOR;menos de 3 dias;2909907514284;EROTICA;0
ALTO NOA SHOPPING - SALTA;751428;8;INTERIOR;menos de 3 dias;2909907514284;EROTICA;0
ATENEO TUCUMAN;751428;8;INTERIOR;menos de 3 dias;2909907514284;EROTICA;0
COMODORO RIVADAVIA;751428;6;INTERIOR;menos de 3 dias;2909907514284;EROTICA;2
MENDOZA SHOPPING;751428;8;INTERIOR;menos de 3 dias;2909907514284;EROTICA;0
NUEVO CENTRO SHOPPING;751428;7;INTERIOR;menos de 3 dias;2909907514284;EROTICA;1
PARANA;751428;8;INTERIOR;menos de 3 dias;2909907514284;EROTICA;0
PATIO OLMOS;751428;8;INTERIOR;menos de 3 dias;2909907514284;EROTICA;0
SAN LUIS;751428;5;INTERIOR;menos de 3 dias;2909907514284;EROTICA;2
ALTO COMAHUE;751428;2;INTERIOR;reparto por venta;2909907514284;EROTICA;0
ALTO NOA SHOPPING - SALTA;751428;3;INTERIOR;reparto por venta;2909907514284;EROTICA;0
ALTO ROSARIO;751428;1;INTERIOR;reparto por venta;2909907514284;EROTICA;5
ATENEO CORDOBA CENTRO;751428;1;INTERIOR;reparto por venta;2909907514284;EROTICA;6
ATENEO ROSARIO;751428;1;INTERIOR;reparto por venta;2909907514284;EROTICA;6
ATENEO TUCUMAN;751428;3;INTERIOR;reparto por venta;2909907514284;EROTICA;0
BAHIA BLANCA SHOPPING;751428;1;INTERIOR;reparto por venta;2909907514284;EROTICA;5
BARILOCHE;751428;2;INTERIOR;reparto por venta;2909907514284;EROTICA;3
COMODORO RIVADAVIA;751428;2;INTERIOR;reparto por venta;2909907514284;EROTICA;2
JUJUY;751428;1;INTERIOR;reparto por venta;2909907514284;EROTICA;7
LA PLATA;751428;1;INTERIOR;reparto por venta;2909907514284;EROTICA;7
MAR DEL PLATA M. BENDU;751428;1;INTERIOR;reparto por venta;2909907514284;EROTICA;6
MAR DEL PLATA PASEO ALDREY;751428;2;INTERIOR;reparto por venta;2909907514284;EROTICA;4
MENDOZA CENTRO;751428;1;INTERIOR;reparto por venta;2909907514284;EROTICA;5
MENDOZA PALMARES;751428;1;INTERIOR;reparto por venta;2909907514284;EROTICA;5
MENDOZA SHOPPING;751428;3;INTERIOR;reparto por venta;2909907514284;EROTICA;0
NUEVO CENTRO SHOPPING;751428;3;INTERIOR;reparto por venta;2909907514284;EROTICA;1
PARANA;751428;3;INTERIOR;reparto por venta;2909907514284;EROTICA;0
PATIO OLMOS;751428;3;INTERIOR;reparto por venta;2909907514284;EROTICA;0
SAN LUIS;751428;2;INTERIOR;reparto por venta;2909907514284;EROTICA;2
SANTA FE Ribera Shopping;751428;1;INTERIOR;reparto por venta;2909907514284;EROTICA;5
TRELEW;751428;1;INTERIOR;reparto por venta;2909907514284;EROTICA;3
ATENEO GRAND SPLENDID;751420;8;AMBA;carga inicial;2909907514208;HISTORICA;0
NEUQUEN PORTAL PATAGONIA;751420;8;INTERIOR;carga inicial;2909907514208;HISTORICA;0
USHUAIA;751420;8;INTERIOR;carga inicial;2909907514208;HISTORICA;0
AEROPARQUE;751420;3;AMBA;menos de 3 dias;2909907514208;HISTORICA;7
PALERMO PORTAL;751420;4;AMBA;menos de 3 dias;2909907514208;HISTORICA;1
PLAZA OESTE;751420;10;AMBA;menos de 3 dias;2909907514208;HISTORICA;0
SAN JUSTO;751420;6;AMBA;menos de 3 dias;2909907514208;HISTORICA;1
UNICENTER;751420;10;AMBA;menos de 3 dias;2909907514208;HISTORICA;5
ALTO NOA SHOPPING - SALTA;751420;7;INTERIOR;menos de 3 dias;2909907514208;HISTORICA;1
ATENEO ROSARIO;751420;6;INTERIOR;menos de 3 dias;2909907514208;HISTORICA;4
ATENEO TUCUMAN;751420;8;INTERIOR;menos de 3 dias;2909907514208;HISTORICA;0
BARILOCHE;751420;5;INTERIOR;menos de 3 dias;2909907514208;HISTORICA;2
MENDOZA SHOPPING;751420;4;INTERIOR;menos de 3 dias;2909907514208;HISTORICA;1
NUEVO CENTRO SHOPPING;751420;7;INTERIOR;menos de 3 dias;2909907514208;HISTORICA;0
PARANA;751420;5;INTERIOR;menos de 3 dias;2909907514208;HISTORICA;2
PATIO OLMOS;751420;10;INTERIOR;menos de 3 dias;2909907514208;HISTORICA;0
RESISTENCIA;751420;3;INTERIOR;menos de 3 dias;2909907514208;HISTORICA;4
SAN LUIS;751420;3;INTERIOR;menos de 3 dias;2909907514208;HISTORICA;4
TRELEW;751420;3;INTERIOR;menos de 3 dias;2909907514208;HISTORICA;2
ALTO COMAHUE;751420;7;INTERIOR;reparto por venta;2909907514208;HISTORICA;6
ALTO NOA SHOPPING - SALTA;751420;6;INTERIOR;reparto por venta;2909907514208;HISTORICA;1
ATENEO CORDOBA CENTRO;751420;3;INTERIOR;reparto por venta;2909907514208;HISTORICA;6
ATENEO ROSARIO;751420;5;INTERIOR;reparto por venta;2909907514208;HISTORICA;4
ATENEO TUCUMAN;751420;7;INTERIOR;reparto por venta;2909907514208;HISTORICA;0
BAHIA BLANCA SHOPPING;751420;3;INTERIOR;reparto por venta;2909907514208;HISTORICA;4
BARILOCHE;751420;4;INTERIOR;reparto por venta;2909907514208;HISTORICA;2
COMODORO RIVADAVIA;751420;1;INTERIOR;reparto por venta;2909907514208;HISTORICA;6
MAR DEL PLATA PASEO ALDREY;751420;3;INTERIOR;reparto por venta;2909907514208;HISTORICA;4
MENDOZA CENTRO;751420;3;INTERIOR;reparto por venta;2909907514208;HISTORICA;2
MENDOZA PALMARES;751420;4;INTERIOR;reparto por venta;2909907514208;HISTORICA;3
MENDOZA SHOPPING;751420;3;INTERIOR;reparto por venta;2909907514208;HISTORICA;1
NUEVO CENTRO SHOPPING;751420;6;INTERIOR;reparto por venta;2909907514208;HISTORICA;0
PARANA;751420;4;INTERIOR;reparto por venta;2909907514208;HISTORICA;2
PATIO OLMOS;751420;8;INTERIOR;reparto por venta;2909907514208;HISTORICA;0
RESISTENCIA;751420;2;INTERIOR;reparto por venta;2909907514208;HISTORICA;4
RIO CUARTO;751420;2;INTERIOR;reparto por venta;2909907514208;HISTORICA;4
SAN LUIS;751420;2;INTERIOR;reparto por venta;2909907514208;HISTORICA;4
TRELEW;751420;2;INTERIOR;reparto por venta;2909907514208;HISTORICA;2
TUCUMAN PORTAL;751420;2;INTERIOR;reparto por venta;2909907514208;HISTORICA;4
ATENEO GRAND SPLENDID;751426;8;AMBA;carga inicial;2909907514260;MISTERIO;0
NEUQUEN PORTAL PATAGONIA;751426;8;INTERIOR;carga inicial;2909907514260;MISTERIO;0
USHUAIA;751426;8;INTERIOR;carga inicial;2909907514260;MISTERIO;0
ALTO PALERMO;751426;8;AMBA;menos de 3 dias;2909907514260;MISTERIO;0
CABALLITO;751426;8;AMBA;menos de 3 dias;2909907514260;MISTERIO;0
DOT BAIRES SHOPPING;751426;8;AMBA;menos de 3 dias;2909907514260;MISTERIO;0
PALERMO PORTAL;751426;4;AMBA;menos de 3 dias;2909907514260;MISTERIO;0
VILLA CRESPO;751426;5;AMBA;menos de 3 dias;2909907514260;MISTERIO;0
AVELLANEDA;751426;6;AMBA;menos de 3 dias;2909907514260;MISTERIO;0
PALMAS DEL PILAR;751426;5;AMBA;menos de 3 dias;2909907514260;MISTERIO;0
PLAZA OESTE;751426;8;AMBA;menos de 3 dias;2909907514260;MISTERIO;0
SAN JUSTO;751426;6;AMBA;menos de 3 dias;2909907514260;MISTERIO;2
TORTUGAS OPEN MALL;751426;7;AMBA;menos de 3 dias;2909907514260;MISTERIO;1
UNICENTER;751426;15;AMBA;menos de 3 dias;2909907514260;MISTERIO;0
ALTO COMAHUE;751426;11;INTERIOR;menos de 3 dias (recortado);2909907514260;MISTERIO;0
ALTO NOA SHOPPING - SALTA;751426;6;INTERIOR;menos de 3 dias (recortado);2909907514260;MISTERIO;0
ATENEO CORDOBA CENTRO;751426;4;INTERIOR;menos de 3 dias (recortado);2909907514260;MISTERIO;2
ATENEO TUCUMAN;751426;6;INTERIOR;menos de 3 dias (recortado);2909907514260;MISTERIO;0
BAHIA BLANCA SHOPPING;751426;6;INTERIOR;menos de 3 dias (recortado);2909907514260;MISTERIO;0
BARILOCHE;751426;6;INTERIOR;menos de 3 dias (recortado);2909907514260;MISTERIO;0
COMODORO RIVADAVIA;751426;6;INTERIOR;menos de 3 dias (recortado);2909907514260;MISTERIO;0
MAR DEL PLATA M. BENDU;751426;3;INTERIOR;menos de 3 dias (recortado);2909907514260;MISTERIO;3
MENDOZA PALMARES;751426;6;INTERIOR;menos de 3 dias (recortado);2909907514260;MISTERIO;0
MENDOZA SHOPPING;751426;6;INTERIOR;menos de 3 dias (recortado);2909907514260;MISTERIO;0
NUEVO CENTRO SHOPPING;751426;6;INTERIOR;menos de 3 dias (recortado);2909907514260;MISTERIO;0
PARANA;751426;3;INTERIOR;menos de 3 dias (recortado);2909907514260;MISTERIO;0
PATIO OLMOS;751426;6;INTERIOR;menos de 3 dias (recortado);2909907514260;MISTERIO;0
SAN LUIS;751426;5;INTERIOR;menos de 3 dias (recortado);2909907514260;MISTERIO;0
SANTA FE Ribera Shopping;751426;3;INTERIOR;menos de 3 dias (recortado);2909907514260;MISTERIO;4
TRELEW;751426;3;INTERIOR;menos de 3 dias (recortado);2909907514260;MISTERIO;0
TUCUMAN PORTAL;751426;5;INTERIOR;menos de 3 dias (recortado);2909907514260;MISTERIO;1
ATENEO GRAND SPLENDID;751422;8;AMBA;carga inicial;2909907514222;ROMANTICA;0
NEUQUEN PORTAL PATAGONIA;751422;8;INTERIOR;carga inicial;2909907514222;ROMANTICA;0
USHUAIA;751422;8;INTERIOR;carga inicial;2909907514222;ROMANTICA;0
ABASTO;751422;3;AMBA;menos de 3 dias;2909907514222;ROMANTICA;0
AEROPARQUE;751422;1;AMBA;menos de 3 dias;2909907514222;ROMANTICA;2
ALTO PALERMO;751422;8;AMBA;menos de 3 dias;2909907514222;ROMANTICA;0
BORGES;751422;3;AMBA;menos de 3 dias;2909907514222;ROMANTICA;0
CABALLITO;751422;3;AMBA;menos de 3 dias;2909907514222;ROMANTICA;0
DOT BAIRES SHOPPING;751422;3;AMBA;menos de 3 dias;2909907514222;ROMANTICA;0
FLORES;751422;2;AMBA;menos de 3 dias;2909907514222;ROMANTICA;1
PASEO ALCORTA;751422;2;AMBA;menos de 3 dias;2909907514222;ROMANTICA;1
VILLA URQUIZA;751422;3;AMBA;menos de 3 dias;2909907514222;ROMANTICA;0
AVELLANEDA;751422;3;AMBA;menos de 3 dias;2909907514222;ROMANTICA;0
EZEIZA;751422;1;AMBA;menos de 3 dias;2909907514222;ROMANTICA;0
LOMAS DE ZAMORA;751422;3;AMBA;menos de 3 dias;2909907514222;ROMANTICA;0
PALMAS DEL PILAR;751422;3;AMBA;menos de 3 dias;2909907514222;ROMANTICA;0
PLAZA OESTE;751422;5;AMBA;menos de 3 dias;2909907514222;ROMANTICA;0
SAN JUSTO;751422;3;AMBA;menos de 3 dias;2909907514222;ROMANTICA;0
SAN MIGUEL;751422;2;AMBA;menos de 3 dias;2909907514222;ROMANTICA;1
UNICENTER;751422;9;AMBA;menos de 3 dias;2909907514222;ROMANTICA;1
ATENEO LA PLATA;751422;3;AMBA;menos de 3 dias;2909907514222;ROMANTICA;0
CALLE 12;751422;3;AMBA;menos de 3 dias;2909907514222;ROMANTICA;0
ALTO COMAHUE;751422;10;INTERIOR;menos de 3 dias;2909907514222;ROMANTICA;0
ALTO NOA SHOPPING - SALTA;751422;3;INTERIOR;menos de 3 dias;2909907514222;ROMANTICA;0
ATENEO ROSARIO;751422;3;INTERIOR;menos de 3 dias;2909907514222;ROMANTICA;0
ATENEO TUCUMAN;751422;3;INTERIOR;menos de 3 dias;2909907514222;ROMANTICA;0
BAHIA BLANCA SHOPPING;751422;3;INTERIOR;menos de 3 dias;2909907514222;ROMANTICA;0
BARILOCHE;751422;3;INTERIOR;menos de 3 dias;2909907514222;ROMANTICA;0
COMODORO RIVADAVIA;751422;3;INTERIOR;menos de 3 dias;2909907514222;ROMANTICA;0
JUJUY;751422;3;INTERIOR;menos de 3 dias;2909907514222;ROMANTICA;0
MAR DEL PLATA LOS GALLEGOS;751422;2;INTERIOR;menos de 3 dias;2909907514222;ROMANTICA;1
MAR DEL PLATA M. BENDU;751422;2;INTERIOR;menos de 3 dias;2909907514222;ROMANTICA;1
MAR DEL PLATA PASEO ALDREY;751422;4;INTERIOR;menos de 3 dias;2909907514222;ROMANTICA;1
MENDOZA CENTRO;751422;3;INTERIOR;menos de 3 dias;2909907514222;ROMANTICA;0
MENDOZA PALMARES;751422;5;INTERIOR;menos de 3 dias;2909907514222;ROMANTICA;0
MENDOZA SHOPPING;751422;3;INTERIOR;menos de 3 dias;2909907514222;ROMANTICA;0
NUEVO CENTRO SHOPPING;751422;3;INTERIOR;menos de 3 dias;2909907514222;ROMANTICA;0
PARANA;751422;3;INTERIOR;menos de 3 dias;2909907514222;ROMANTICA;0
PATIO OLMOS;751422;5;INTERIOR;menos de 3 dias;2909907514222;ROMANTICA;0
SAN LUIS;751422;2;INTERIOR;menos de 3 dias;2909907514222;ROMANTICA;1
SANTA FE Ribera Shopping;751422;2;INTERIOR;menos de 3 dias;2909907514222;ROMANTICA;1
TRELEW;751422;2;INTERIOR;menos de 3 dias;2909907514222;ROMANTICA;0
TUCUMAN PORTAL;751422;3;INTERIOR;menos de 3 dias;2909907514222;ROMANTICA;0
ALTO COMAHUE;751422;5;INTERIOR;reparto por venta;2909907514222;ROMANTICA;0
ALTO NOA SHOPPING - SALTA;751422;2;INTERIOR;reparto por venta;2909907514222;ROMANTICA;0
ALTO ROSARIO;751422;2;INTERIOR;reparto por venta;2909907514222;ROMANTICA;5
ATENEO CORDOBA CENTRO;751422;1;INTERIOR;reparto por venta;2909907514222;ROMANTICA;1
ATENEO ROSARIO;751422;2;INTERIOR;reparto por venta;2909907514222;ROMANTICA;0
ATENEO TUCUMAN;751422;2;INTERIOR;reparto por venta;2909907514222;ROMANTICA;0
BAHIA BLANCA SHOPPING;751422;2;INTERIOR;reparto por venta;2909907514222;ROMANTICA;0
BARILOCHE;751422;2;INTERIOR;reparto por venta;2909907514222;ROMANTICA;0
COMODORO RIVADAVIA;751422;1;INTERIOR;reparto por venta;2909907514222;ROMANTICA;0
JUJUY;751422;1;INTERIOR;reparto por venta;2909907514222;ROMANTICA;0
LA PLATA;751422;1;INTERIOR;reparto por venta;2909907514222;ROMANTICA;2
MAR DEL PLATA LOS GALLEGOS;751422;1;INTERIOR;reparto por venta;2909907514222;ROMANTICA;1
MAR DEL PLATA M. BENDU;751422;1;INTERIOR;reparto por venta;2909907514222;ROMANTICA;1
MAR DEL PLATA PASEO ALDREY;751422;2;INTERIOR;reparto por venta;2909907514222;ROMANTICA;1
MENDOZA CENTRO;751422;1;INTERIOR;reparto por venta;2909907514222;ROMANTICA;0
MENDOZA PALMARES;751422;2;INTERIOR;reparto por venta;2909907514222;ROMANTICA;0
MENDOZA SHOPPING;751422;1;INTERIOR;reparto por venta;2909907514222;ROMANTICA;0
NUEVO CENTRO SHOPPING;751422;1;INTERIOR;reparto por venta;2909907514222;ROMANTICA;0
PARANA;751422;1;INTERIOR;reparto por venta;2909907514222;ROMANTICA;0
PATIO OLMOS;751422;2;INTERIOR;reparto por venta;2909907514222;ROMANTICA;0
RIO CUARTO;751422;1;INTERIOR;reparto por venta;2909907514222;ROMANTICA;2
SAN LUIS;751422;1;INTERIOR;reparto por venta;2909907514222;ROMANTICA;1
SANTA FE Ribera Shopping;751422;1;INTERIOR;reparto por venta;2909907514222;ROMANTICA;1
TRELEW;751422;1;INTERIOR;reparto por venta;2909907514222;ROMANTICA;0
TUCUMAN PORTAL;751422;1;INTERIOR;reparto por venta;2909907514222;ROMANTICA;0
PATIO OLMOS;751420;-5;INTERIOR;ajuste Franco;2909907514208;HISTORICA;0
TORTUGAS OPEN MALL;751420;5;AMBA;ajuste Franco;2909907514208;HISTORICA;5
