9789500217446;100
9789500211598;270
9789500216203;330
9789500216784;220
9789500214193;240
9789500215527;220
9789500216616;280
9789500216494;230
9789500216128;270
9789500215466;130
9789500212502;220
9789500217750;30
9789500217378;60
9789500215909;120
9789500217361;50
9789500216470;30
9789500211871;160
9789500211086;174
9789500215619;110
9789500216852;30
9789500214285;130
9789500213318;120
9789500216050;80
9789500216333;130
9789500210669;147
9789500212144;200
9789500213394;60
9789500217194;40
9789500217279;30
9789500213042;170
9789500214902;70
9789500214926;160
9789500214988;150
9789500216791;90
9789500216609;100
9788466243063;60
9788466243292;70
9789500216838;20
