ISBN;ID;TITULO
9789500218351;751232;DESPIERTA
9789500218252;751233;AUTOESTIMA
9789500218269;751234;SOBREPESO
9789500218276;751235;DECODIFICA TUS VINCULOS
9789500218344;751236;EMPAPELADO AMARILLO, EL // THE YELLOW WALLPAPER
9789500218283;751237;INTI SE COME LAS UÑAS
9789500218290;751238;SUPERCUENTOS DE MIEDO
9789500218207;751239;BIOPAUSIA. 2DA. EDICION ESPECIAL (TAPA DURA)
9789500217682;751243;ANIMALES SALVAJES
9789500217408;751240;MIRA Y DESCUBRE: EL ESPACIO
9789500217415;751241;MIRA Y DESCUBRE: EL CUERPO HUMANO
9789500217798;751242;VAMOS A APRENDER SUMAS Y RESTAS
