local;id;cant;stock;vendido;ritmo;dias;ean;titulo
ABASTO;751428;8;0;8;1.33;0.0;2909907514284;EROTICA
ABASTO;751422;3;0;3;0.5;0.0;2909907514222;ROMANTICA
AEROPARQUE;751420;3;7;3;3.0;2.3;2909907514208;HISTORICA
AEROPARQUE;751422;1;2;1;1.0;2.0;2909907514222;ROMANTICA
ALTO PALERMO;751428;8;0;8;1.6;0.0;2909907514284;EROTICA
ALTO PALERMO;751426;8;0;8;1.6;0.0;2909907514260;MISTERIO
ALTO PALERMO;751422;8;0;8;1.6;0.0;2909907514222;ROMANTICA
ATENEO GRAND SPLENDID;751430;8;0;0;;;2909907514307;BIO
ATENEO GRAND SPLENDID;751424;8;0;0;;;2909907514246;CONTEMPORANEA
ATENEO GRAND SPLENDID;751428;8;0;0;;;2909907514284;EROTICA
ATENEO GRAND SPLENDID;751420;8;0;0;;;2909907514208;HISTORICA
ATENEO GRAND SPLENDID;751426;8;0;0;;;2909907514260;MISTERIO
ATENEO GRAND SPLENDID;751422;8;0;0;;;2909907514222;ROMANTICA
BORGES;751422;3;0;3;0.6;0.0;2909907514222;ROMANTICA
CABALLITO;751424;6;2;6;1.2;1.7;2909907514246;CONTEMPORANEA
CABALLITO;751428;7;1;7;1.4;0.7;2909907514284;EROTICA
CABALLITO;751426;8;0;8;1.6;0.0;2909907514260;MISTERIO
CABALLITO;751422;3;0;3;0.6;0.0;2909907514222;ROMANTICA
DOT BAIRES SHOPPING;751424;7;1;7;1.17;0.9;2909907514246;CONTEMPORANEA
DOT BAIRES SHOPPING;751428;8;0;8;1.33;0.0;2909907514284;EROTICA
DOT BAIRES SHOPPING;751426;8;0;8;1.33;0.0;2909907514260;MISTERIO
DOT BAIRES SHOPPING;751422;3;0;3;0.5;0.0;2909907514222;ROMANTICA
FLORES;751422;2;1;2;0.4;2.5;2909907514222;ROMANTICA
PALERMO PORTAL;751420;4;1;4;0.8;1.2;2909907514208;HISTORICA
PALERMO PORTAL;751426;4;0;4;0.8;0.0;2909907514260;MISTERIO
PASEO ALCORTA;751422;2;1;2;0.4;2.5;2909907514222;ROMANTICA
VILLA CRESPO;751426;5;0;5;1.0;0.0;2909907514260;MISTERIO
VILLA URQUIZA;751422;3;0;3;0.5;0.0;2909907514222;ROMANTICA
AVELLANEDA;751424;6;2;6;1.0;2.0;2909907514246;CONTEMPORANEA
AVELLANEDA;751428;7;1;7;1.17;0.9;2909907514284;EROTICA
AVELLANEDA;751426;6;0;6;1.0;0.0;2909907514260;MISTERIO
AVELLANEDA;751422;3;0;3;0.5;0.0;2909907514222;ROMANTICA
EZEIZA;751428;3;0;3;0.6;0.0;2909907514284;EROTICA
EZEIZA;751422;1;0;1;0.2;0.0;2909907514222;ROMANTICA
LOMAS DE ZAMORA;751422;3;0;3;0.75;0.0;2909907514222;ROMANTICA
PALMAS DEL PILAR;751426;5;0;5;1.0;0.0;2909907514260;MISTERIO
PALMAS DEL PILAR;751422;3;0;3;0.6;0.0;2909907514222;ROMANTICA
PLAZA OESTE;751424;8;0;8;1.33;0.0;2909907514246;CONTEMPORANEA
PLAZA OESTE;751428;8;0;8;1.33;0.0;2909907514284;EROTICA
PLAZA OESTE;751420;10;0;10;1.67;0.0;2909907514208;HISTORICA
PLAZA OESTE;751426;8;0;8;1.33;0.0;2909907514260;MISTERIO
PLAZA OESTE;751422;5;0;5;0.83;0.0;2909907514222;ROMANTICA
SAN JUSTO;751424;7;1;7;1.17;0.9;2909907514246;CONTEMPORANEA
SAN JUSTO;751420;6;1;6;1.0;1.0;2909907514208;HISTORICA
SAN JUSTO;751426;6;2;6;1.0;2.0;2909907514260;MISTERIO
SAN JUSTO;751422;3;0;3;0.5;0.0;2909907514222;ROMANTICA
SAN MIGUEL;751422;2;1;2;0.5;2.0;2909907514222;ROMANTICA
TORTUGAS OPEN MALL;751424;6;2;6;1.0;2.0;2909907514246;CONTEMPORANEA
TORTUGAS OPEN MALL;751428;8;0;8;1.33;0.0;2909907514284;EROTICA
TORTUGAS OPEN MALL;751426;7;1;7;1.17;0.9;2909907514260;MISTERIO
UNICENTER;751428;13;2;13;2.6;0.8;2909907514284;EROTICA
UNICENTER;751420;10;5;10;2.0;2.5;2909907514208;HISTORICA
UNICENTER;751426;15;0;15;3.0;0.0;2909907514260;MISTERIO
UNICENTER;751422;9;1;9;1.8;0.6;2909907514222;ROMANTICA
ATENEO LA PLATA;751422;3;0;3;0.6;0.0;2909907514222;ROMANTICA
CALLE 12;751422;3;0;3;0.6;0.0;2909907514222;ROMANTICA
