9789500299114;4
9789500217354;20
9789500217033;5
9789500215343;12
9789500216470;6
9789500217873;5
9789500217026;5
9789500215879;5
9789500215312;3
9789500218030;5
9789500216869;10
9789500213080;8
9789500209908;5
9789500216531;8
9789500216388;5
9789500215220;5
9789500211451;5
9789500217262;5
9789500215015;6
9789500286763;6
9789500217613;5
9789500215909;5
9789500213332;5
9789874274960;5
9789500215008;6
9789500212618;4
9789500216685;3
9789500211024;3
9789500299435;3
9789500216494;3
9789500215770;3
9789500213370;3
9789500216838;3
9789500214919;3
9789500213066;4
9789500205320;3
9789500216128;2
9789500210669;3
9789500217637;3
9789500208611;2
9789500209984;3
9789500213653;3
9789500213349;2
9789500209861;2
9789500215619;2
9789500206983;2
9788466244893;3
9789500214100;3
9789500210041;3
9789500216296;3
9789500213141;3
9789500215138;2
9789500214797;2
9789500216050;2
9789500298735;2
9789500298742;2
