9789500215206;2
9789500212168;2
9789500212847;2
9789500215855;2
9789500212557;1
9789500212236;2
9789500211635;2
9789500213899;1
9789500211895;1
9789500212342;1
9789500214902;2
9789500218016;10
9789500210140;1
9789500263634;2
9789500218030;8
9789500213202;1
9789500216388;2
9789500218061;1
9789500212144;2
9789500210324;1
9789500217712;1
9789500212281;2
9789500211475;2
9789500211741;1
9789500210027;2
9789500214926;2
9789500215787;2
9789500214964;1
9789500215466;2
9789500216654;2
9789500217453;1
9789500216791;1
9789500211628;2
9789500215060;3
9789500214117;5
9789500210386;3
9789500210300;3
9789500213516;2
9789500218078;10
9789500209298;2
9789500213028;1
9789500215701;3
9789500216609;2
