9789500218023;223
9789500217040;163
9789500217354;141
9789500217064;128
9789500217880;104
9789500217675;97
9789500215893;95
9789500215015;95
9789500217897;90
9789500216708;85
9789500217767;84
9789500215398;83
9789500213400;72
9789500216869;69
9789500216807;68
9789500213790;68
9789500218016;64
9789500215770;59
9789500298780;57
9789500216517;56
9789500286763;50
9789500218146;48
9789500209120;48
9789500212953;48
9789500217804;46
9789500217507;46
9789500212731;45
9789500216524;44
9789500218153;42
9789500216449;39
9789500216173;38
9789500213622;37
9789500213349;37
9789500216265;36
9789500217361;35
9789500217514;34
9789500217811;34
9789500217644;31
9789500216685;30
9789500215411;30
9789500216470;30
9789500210393;29
9789500217729;29
9789500217460;28
9789500299114;27
9789500210362;27
9789500213264;26
9789500217149;26
9789500213387;25
9789500216777;24
9789500218160;24
9789500213516;24
9789500216012;22
9789500215466;22
9789500209861;21
9789500216135;21
9789500216784;21
9789500216371;21
9789500216074;20
9789500216623;20
9789500213233;20
9789500209113;20
9789500215053;19
9789500216630;19
9789500217446;19
9789500217309;19
9789500215008;18
9789500217866;17
9789500210317;15
9789500215527;15
9789500216654;14
9789500211598;14
9789500218030;14
9789500216593;14
9789500209144;13
9789500217774;13
9789500217873;13
9789500212724;13
9789500213073;13
9789500210874;13
9789500213486;12
9789500213318;12
9789500209137;12
9789500213998;12
9789500212601;11
9789500210157;11
9789500216678;11
9789500215909;11
9789500213776;11
9789500215220;11
9789500211109;10
9789500211376;10
9789500210263;10
9789500213080;10
9789500212489;9
9789500213066;9
9789500217521;9
9789500217392;9
9789500214117;9
9789500215886;8
9789500210133;8
9789500210416;8
9789500216258;8
9789500215343;7
9789500216852;7
9789500216760;7
9789500253390;7
9789500216821;7
9789500216333;7
9789500215855;7
9789500216531;6
9789500209342;6
9789500218061;6
9789500215176;6
9789500216050;6
9789500216616;6
9789500263634;5
9789500216081;5
9789500213806;5
9789500214100;5
9789500216395;5
9789500216128;5
9789500217019;5
9789500218078;5
9789500217651;5
9789500217736;5
9789500217217;5
9789500217194;5
9789500209472;4
9789500213493;4
9789500217385;4
9789500217750;4
9789500299299;4
9789500215183;4
9789500211857;4
9789500211925;4
9789500213189;4
9789500213196;4
9789500217293;4
9789500215404;4
9789500214803;4
9789500216272;4
9789500216357;4
9789500215152;3
9789500215305;3
9789500215039;3
9789500208291;3
9789500209250;3
9789500211178;3
9789500212427;3
9789500217378;3
9789500216043;3
9789500216203;3
9789500209908;3
9789500216890;3
9789500217255;3
9789500218177;3
9789500215992;3
9789500210225;2
9789500211635;2
9789500212540;2
9789500213141;2
9789500215190;2
9789500216456;2
9789500213127;2
9789500216432;2
9789500216210;2
9789500216234;2
9789500205320;1
9789500201254;1
