ISBN;ID;TITULO
9789500217460;743068;VACA VA A SER HERMANA, LA
9789500216708;734150;MAGIA DE IVY, LA
9789500217132;740161;AMOR QUE DETUVO TODOS LOS RELOJES, EL
9789500215220;717943;CHAU, TETA
9789500216012;727009;CUENTOS CORTOS PARA EL RECREO
9789500213486;703398;CUENTOS CORTOS PARA PINTAR 2
9789500215404;718918;MAGO DE LOS LIBROS, EL
9789500213776;707255;MINICUENTOS DE INVIERNO
9789500214117;709130;VACA SE EMPACA, LA - 2DA EDICION TR
9789500214100;709129;VACA SUS MIEDOS ATACA, LA - 2DA. EDICION TR
9789500216166;728158;VACA Y LA ESPINACA, LA - RUSTICA
9789500215831;725697;VOY A RECORDARTE
9789500253390;392614;DICCIONARIO ESPAÑOL-INGLES ENGLISH-SPANISH
9789500215770;728160;NUEVO DICCIONARIO ESCOLAR DE LA LENGUA ESPAÑOLA
9789500212625;693798;EVALUACIONES : 29 PREGUNTAS Y RESPUESTAS
9789500286763;188707;PRINCIPE, EL
