archivo;cliente;cuenta;fila;cuenta_dentro;id;isbn_raw;titulo;cant;isbn;metodo
AMPLIACION - ALE CATALIN 22156 28-09-2026 EL ATENEO.xls;ALE CATALIN;22156;2;22156;747643.0;9789500217057;GATITO, ¿POR QUE ESTAS ENOJADO?;1.0;9789500217057;ya era ISBN-13
AMPLIACION - ALE CATALIN 22156 28-09-2026 EL ATENEO.xls;ALE CATALIN;22156;3;22156;740169.0;9788466244893;TAROT: CARTAS DE ADIVINACION, SABIDURIA Y AUTODESCUBRIMIENTO;2.0;9788466244893;ya era ISBN-13
AMPLIACION - ALE CATALIN 22156 28-09-2026 EL ATENEO.xls;ALE CATALIN;22156;4;22156;702980.0;9789500213400;TU AMIGO INVISIBLE;2.0;9789500213400;ya era ISBN-13
AMPLIACION - ALE CATALIN 22156 28-09-2026 EL ATENEO.xls;ALE CATALIN;22156;5;22156;711851.0;9789500214537;400 PREGUNTAS Y RESPUESTAS SOBRE FUTBOL;2.0;9789500214537;ya era ISBN-13
AMPLIACION - ALE CATALIN 22156 28-09-2026 EL ATENEO.xls;ALE CATALIN;22156;6;22156;734395.0;9789500216043;JUEGO Y APRENDO! DINOSAURIOS;2.0;9789500216043;ya era ISBN-13
AMPLIACION - ALE CATALIN 22156 28-09-2026 EL ATENEO.xls;ALE CATALIN;22156;7;22156;744139.0;9789500217019;HOLA, BEBE. MI MUNDO;2.0;9789500217019;ya era ISBN-13
AMPLIACION - ALE CATALIN 22156 28-09-2026 EL ATENEO.xls;ALE CATALIN;22156;8;22156;747647.0;9789500217033;STICKERS MAGICOS: GRANJA;2.0;9789500217033;ya era ISBN-13
AMPLIACION - ALE CATALIN 22156 28-09-2026 EL ATENEO.xls;ALE CATALIN;22156;9;22156;747642.0;9789500217064;PEQUEÑOS LIBROS - LITTLE BOOKS;2.0;9789500217064;ya era ISBN-13
AMPLIACION - ALE CATALIN 22156 28-09-2026 EL ATENEO.xls;ALE CATALIN;22156;10;22156;747600.0;9789500217880;GIMNASIA MENTAL: JUEGOS DE LOGICA;2.0;9789500217880;ya era ISBN-13
AMPLIACION - ALE CATALIN 22156 28-09-2026 EL ATENEO.xls;ALE CATALIN;22156;11;22156;747599.0;9789500217897;GIMNASIA MENTAL: ENIGMAS Y ASOCIACIONES;2.0;9789500217897;ya era ISBN-13
AMPLIACION - ALE CATALIN 22156 28-09-2026 EL ATENEO.xls;ALE CATALIN;22156;12;22156;678281.0;9789500211178;CUENTOS CORTOS PARA SOÑAR 3;3.0;9789500211178;ya era ISBN-13
AMPLIACION - ALE CATALIN 22156 28-09-2026 EL ATENEO.xls;ALE CATALIN;22156;13;22156;703398.0;9789500213486;CUENTOS CORTOS PARA PINTAR 2;3.0;9789500213486;ya era ISBN-13
AMPLIACION - ALE CATALIN 22156 28-09-2026 EL ATENEO.xls;ALE CATALIN;22156;14;22156;717945.0;9789500215237;CABALLOS;3.0;9789500215237;ya era ISBN-13
AMPLIACION - ALE CATALIN 22156 28-09-2026 EL ATENEO.xls;ALE CATALIN;22156;15;22156;744133.0;9789500217675;CUMPLE DE 15;3.0;9789500217675;ya era ISBN-13
AMPLIACION - ALE CATALIN 22156 28-09-2026 EL ATENEO.xls;ALE CATALIN;22156;16;22156;748666.0;9789500218016;EDAD QUE ELEGIMOS, LA;3.0;9789500218016;ya era ISBN-13
AMPLIACION - ALFA LIBRERIA SRL 21889 28-09-2026 EL ATENEO.xls;ALFA LIBRERIA SRL;21889;2;21889;665952.0;9789500210041;VACA Y LA ESPINACA, LA;1.0;9789500210041;ya era ISBN-13
AMPLIACION - ALFA LIBRERIA SRL 21889 28-09-2026 EL ATENEO.xls;ALFA LIBRERIA SRL;21889;3;21889;691779.0;9789500212540;ES ESTRES O TU TIROIDES?;1.0;9789500212540;ya era ISBN-13
AMPLIACION - ALFA LIBRERIA SRL 21889 28-09-2026 EL ATENEO.xls;ALFA LIBRERIA SRL;21889;4;21889;741979.0;9789500216814;AMIGOS DE LA GRANJA;1.0;9789500216814;ya era ISBN-13
AMPLIACION - ALFA LIBRERIA SRL 21889 28-09-2026 EL ATENEO.xls;ALFA LIBRERIA SRL;21889;5;21889;747647.0;9789500217033;STICKERS MAGICOS: GRANJA;1.0;9789500217033;ya era ISBN-13
AMPLIACION - ALFA LIBRERIA SRL 21889 28-09-2026 EL ATENEO.xls;ALFA LIBRERIA SRL;21889;6;21889;743068.0;9789500217460;VACA VA A SER HERMANA, LA;1.0;9789500217460;ya era ISBN-13
AMPLIACION - ALFA LIBRERIA SRL 21889 28-09-2026 EL ATENEO.xls;ALFA LIBRERIA SRL;21889;7;21889;744133.0;9789500217675;CUMPLE DE 15;1.0;9789500217675;ya era ISBN-13
AMPLIACION - ALFA LIBRERIA SRL 21889 28-09-2026 EL ATENEO.xls;ALFA LIBRERIA SRL;21889;8;21889;671443.0;9789500210317;TEO Y ANA INVESTIGAN LA ARGENTINA;2.0;9789500210317;ya era ISBN-13
AMPLIACION - ALFA LIBRERIA SRL 21889 28-09-2026 EL ATENEO.xls;ALFA LIBRERIA SRL;21889;9;21889;702980.0;9789500213400;TU AMIGO INVISIBLE;2.0;9789500213400;ya era ISBN-13
AMPLIACION - ALFA LIBRERIA SRL 21889 28-09-2026 EL ATENEO.xls;ALFA LIBRERIA SRL;21889;10;21889;705127.0;9789500213622;TEO Y ANA INVESTIGAN LA ARGENTINA - EDICION CON ROMPECABEZAS;2.0;9789500213622;ya era ISBN-13
AMPLIACION - ALFA LIBRERIA SRL 21889 28-09-2026 EL ATENEO.xls;ALFA LIBRERIA SRL;21889;11;21889;734395.0;9789500216043;JUEGO Y APRENDO! DINOSAURIOS;2.0;9789500216043;ya era ISBN-13
AMPLIACION - ALFA LIBRERIA SRL 21889 28-09-2026 EL ATENEO.xls;ALFA LIBRERIA SRL;21889;12;21889;729381.0;9789500216265;VACA DE LA AMISTAD NOS HABLA, LA;2.0;9789500216265;ya era ISBN-13
AMPLIACION - ALFA LIBRERIA SRL 21889 28-09-2026 EL ATENEO.xls;ALFA LIBRERIA SRL;21889;13;21889;737451.0;9789500216388;METAMORFOSIS, LA;2.0;9789500216388;ya era ISBN-13
AMPLIACION - ALFA LIBRERIA SRL 21889 28-09-2026 EL ATENEO.xls;ALFA LIBRERIA SRL;21889;14;21889;734151.0;9789500216685;BIBLIA DE LOS NIÑOS, LA;2.0;9789500216685;ya era ISBN-13
AMPLIACION - ALFA LIBRERIA SRL 21889 28-09-2026 EL ATENEO.xls;ALFA LIBRERIA SRL;21889;15;21889;744139.0;9789500217019;HOLA, BEBE. MI MUNDO;2.0;9789500217019;ya era ISBN-13
AMPLIACION - ALFA LIBRERIA SRL 21889 28-09-2026 EL ATENEO.xls;ALFA LIBRERIA SRL;21889;16;21889;747646.0;9789500217026;STICKERS MAGICOS DINOSAURIOS;2.0;9789500217026;ya era ISBN-13
AMPLIACION - ALFA LIBRERIA SRL 21889 28-09-2026 EL ATENEO.xls;ALFA LIBRERIA SRL;21889;17;21889;747643.0;9789500217057;GATITO, ¿POR QUE ESTAS ENOJADO?;2.0;9789500217057;ya era ISBN-13
AMPLIACION - ALFA LIBRERIA SRL 21889 28-09-2026 EL ATENEO.xls;ALFA LIBRERIA SRL;21889;18;21889;668114.0;9789500210133;MI PLANTA DE NARANJA LIMA - EDICION ESPECIAL;3.0;9789500210133;ya era ISBN-13
AMPLIACION - ALFA LIBRERIA SRL 21889 28-09-2026 EL ATENEO.xls;ALFA LIBRERIA SRL;21889;19;21889;732486.0;9789500215893;¡ACA ESTOY! VAQUITA;3.0;9789500215893;ya era ISBN-13
AMPLIACION - ALFA LIBRERIA SRL 21889 28-09-2026 EL ATENEO.xls;ALFA LIBRERIA SRL;21889;20;21889;740173.0;9789500216517;BENJAMIN EN EL JARDIN;3.0;9789500216517;ya era ISBN-13
AMPLIACION - ALFA LIBRERIA SRL 21889 28-09-2026 EL ATENEO.xls;ALFA LIBRERIA SRL;21889;21;21889;747599.0;9789500217897;GIMNASIA MENTAL: ENIGMAS Y ASOCIACIONES;3.0;9789500217897;ya era ISBN-13
AMPLIACION - ALFA LIBRERIA SRL 21889 28-09-2026 EL ATENEO.xls;ALFA LIBRERIA SRL;21889;22;21889;707950.0;9789500213936;TEO Y ANA INVESTIGAN LOS DEPORTES;4.0;9789500213936;ya era ISBN-13
AMPLIACION - AVALOS 22302 28-09-2026 EL ATENEO.xls;AVALOS;22302;2;22302;740173.0;9789500216517;BENJAMIN EN EL JARDIN;1.0;9789500216517;ya era ISBN-13
AMPLIACION - AVALOS 22302 28-09-2026 EL ATENEO.xls;AVALOS;22302;3;22302;728156.0;9789500216135;CUENTOS DE AMOR PROPIO 2;1.0;9789500216135;ya era ISBN-13
AMPLIACION - AVALOS 22302 28-09-2026 EL ATENEO.xls;AVALOS;22302;4;22302;691781.0;9789500212502;ESTAS PARA MAS;1.0;9789500212502;ya era ISBN-13
AMPLIACION - AVALOS 22302 28-09-2026 EL ATENEO.xls;AVALOS;22302;5;22302;745988.0;9789500217729;LEGION SECRETA DEL SUR, LA;1.0;9789500217729;ya era ISBN-13
AMPLIACION - AVALOS 22302 28-09-2026 EL ATENEO.xls;AVALOS;22302;6;22302;647011.0;9789500209564;MITOLOGIA GRIEGA Y ROMANA;1.0;9789500209564;ya era ISBN-13
AMPLIACION - AVALOS 22302 28-09-2026 EL ATENEO.xls;AVALOS;22302;7;22302;745987.0;9789500217712;PEDAGOGIAS EMERGENTES: 22 PREGUNTAS Y RESPUESTAS -  ATENEO AULA;1.0;9789500217712;ya era ISBN-13
AMPLIACION - AVALOS 22302 28-09-2026 EL ATENEO.xls;AVALOS;22302;8;22302;685401.0;9789500211925;CUENTOS CORTOS PARA SOÑAR 4;2.0;9789500211925;ya era ISBN-13
AMPLIACION - AVALOS 22302 28-09-2026 EL ATENEO.xls;AVALOS;22302;9;22302;747599.0;9789500217897;GIMNASIA MENTAL: ENIGMAS Y ASOCIACIONES;2.0;9789500217897;ya era ISBN-13
AMPLIACION - AVALOS 22302 28-09-2026 EL ATENEO.xls;AVALOS;22302;10;22302;747600.0;9789500217880;GIMNASIA MENTAL: JUEGOS DE LOGICA;2.0;9789500217880;ya era ISBN-13
AMPLIACION - AVALOS 22302 28-09-2026 EL ATENEO.xls;AVALOS;22302;11;22302;742445.0;9789500216777;PEQUEÑOS PASOS: MIS ANIMALES;2.0;9789500216777;ya era ISBN-13
AMPLIACION - AVALOS 22302 28-09-2026 EL ATENEO.xls;AVALOS;22302;12;22302;747645.0;9789500217040;DINO, ¿POR QUE ESTAS TRISTE?;2.0;9789500217040;ya era ISBN-13
AMPLIACION - BARDINI 22127 28-09-2026 EL ATENEO.xls;BARDINI;22127;2;22127;647074.0;9789500209342;MEJORES CUENTOS DE MISTERIO, LOS;1.0;9789500209342;ya era ISBN-13
AMPLIACION - BARDINI 22127 28-09-2026 EL ATENEO.xls;BARDINI;22127;3;22127;647011.0;9789500209564;MITOLOGIA GRIEGA Y ROMANA;1.0;9789500209564;ya era ISBN-13
AMPLIACION - BARDINI 22127 28-09-2026 EL ATENEO.xls;BARDINI;22127;4;22127;672057.0;9789500210362;MI PLANTA DE NARANJA LIMA - EDICION ESCOLAR;1.0;9789500210362;ya era ISBN-13
AMPLIACION - BARDINI 22127 28-09-2026 EL ATENEO.xls;BARDINI;22127;5;22127;747643.0;9789500217057;GATITO, ¿POR QUE ESTAS ENOJADO?;1.0;9789500217057;ya era ISBN-13
AMPLIACION - BARDINI 22127 28-09-2026 EL ATENEO.xls;BARDINI;22127;6;22127;740760.0;9789500217231;VOY A LA ESCUELA;1.0;9789500217231;ya era ISBN-13
AMPLIACION - BARDINI 22127 28-09-2026 EL ATENEO.xls;BARDINI;22127;7;22127;743067.0;9789500217507;MANUAL DE VIDA;1.0;9789500217507;ya era ISBN-13
AMPLIACION - BARDINI 22127 28-09-2026 EL ATENEO.xls;BARDINI;22127;8;22127;747597.0;9789500217873;CIUDADES AZULES;1.0;9789500217873;ya era ISBN-13
AMPLIACION - BARDINI 22127 28-09-2026 EL ATENEO.xls;BARDINI;22127;9;22127;726373.0;9789500215350;APRENDO A LEER LAS LETRAS;2.0;9789500215350;ya era ISBN-13
AMPLIACION - BARDINI 22127 28-09-2026 EL ATENEO.xls;BARDINI;22127;10;22127;734152.0;9789500216678;100 HISTORIAS DE LA BIBLIA;2.0;9789500216678;ya era ISBN-13
AMPLIACION - BARDINI 22127 28-09-2026 EL ATENEO.xls;BARDINI;22127;11;22127;734151.0;9789500216685;BIBLIA DE LOS NIÑOS, LA;2.0;9789500216685;ya era ISBN-13
AMPLIACION - BARDINI 22127 28-09-2026 EL ATENEO.xls;BARDINI;22127;12;22127;731835.0;9789500216036;ANIMALES CON SUPERPODERES;2.0;9789500216036;ya era ISBN-13
AMPLIACION - BARDINI 22127 28-09-2026 EL ATENEO.xls;BARDINI;22127;13;22127;729382.0;9789500216296;VOY A TENER UN HERMANITO - TR;2.0;9789500216296;ya era ISBN-13
AMPLIACION - BARDINI 22127 28-09-2026 EL ATENEO.xls;BARDINI;22127;14;22127;748666.0;9789500218016;EDAD QUE ELEGIMOS, LA;3.0;9789500218016;ya era ISBN-13
AMPLIACION - BERNAGOZZI 21635 28-09-2026 EL ATENEO.xls;BERNAGOZZI;21635;2;21635;722861.0;9788466243063;ASTROCOACH;1.0;9788466243063;ya era ISBN-13
AMPLIACION - BERNAGOZZI 21635 28-09-2026 EL ATENEO.xls;BERNAGOZZI;21635;3;21635;668114.0;9789500210133;MI PLANTA DE NARANJA LIMA - EDICION ESPECIAL;1.0;9789500210133;ya era ISBN-13
AMPLIACION - BERNAGOZZI 21635 28-09-2026 EL ATENEO.xls;BERNAGOZZI;21635;4;21635;673647.0;9789500210416;CUENTOS CORTOS PARA SOÑAR 2;1.0;9789500210416;ya era ISBN-13
AMPLIACION - BERNAGOZZI 21635 28-09-2026 EL ATENEO.xls;BERNAGOZZI;21635;5;21635;707948.0;9789500213998;VACA NO SE CALLA, LA - TR;1.0;9789500213998;ya era ISBN-13
AMPLIACION - BERNAGOZZI 21635 28-09-2026 EL ATENEO.xls;BERNAGOZZI;21635;6;21635;709129.0;9789500214100;VACA SUS MIEDOS ATACA, LA - 2DA. EDICION TR;1.0;9789500214100;ya era ISBN-13
AMPLIACION - BERNAGOZZI 21635 28-09-2026 EL ATENEO.xls;BERNAGOZZI;21635;7;21635;718920.0;9789500215381;CLASICOS DE ANIMALES PARA LEER Y JUGAR;1.0;9789500215381;ya era ISBN-13
AMPLIACION - BERNAGOZZI 21635 28-09-2026 EL ATENEO.xls;BERNAGOZZI;21635;8;21635;729377.0;9789500216173;EGRESADOS;1.0;9789500216173;ya era ISBN-13
AMPLIACION - BERNAGOZZI 21635 28-09-2026 EL ATENEO.xls;BERNAGOZZI;21635;9;21635;728655.0;9789500216203;SEÑORA DE LAS INDIAS;1.0;9789500216203;ya era ISBN-13
AMPLIACION - BERNAGOZZI 21635 28-09-2026 EL ATENEO.xls;BERNAGOZZI;21635;10;21635;729381.0;9789500216265;VACA DE LA AMISTAD NOS HABLA, LA;1.0;9789500216265;ya era ISBN-13
AMPLIACION - BERNAGOZZI 21635 28-09-2026 EL ATENEO.xls;BERNAGOZZI;21635;11;21635;731833.0;9789500216432;TEO Y ANA INVESTIGA LOS SERES FANTASTICOS;1.0;9789500216432;ya era ISBN-13
AMPLIACION - BERNAGOZZI 21635 28-09-2026 EL ATENEO.xls;BERNAGOZZI;21635;12;21635;703398.0;9789500213486;CUENTOS CORTOS PARA PINTAR 2;2.0;9789500213486;ya era ISBN-13
AMPLIACION - BERNAGOZZI 21635 28-09-2026 EL ATENEO.xls;BERNAGOZZI;21635;13;21635;715423.0;9789500215060;TU AMIGO INVISIBLE 2;2.0;9789500215060;ya era ISBN-13
AMPLIACION - BERNAGOZZI 21635 28-09-2026 EL ATENEO.xls;BERNAGOZZI;21635;14;21635;740173.0;9789500216517;BENJAMIN EN EL JARDIN;2.0;9789500216517;ya era ISBN-13
AMPLIACION - BERNAGOZZI 21635 28-09-2026 EL ATENEO.xls;BERNAGOZZI;21635;15;21635;727009.0;9789500216012;CUENTOS CORTOS PARA EL RECREO;2.0;9789500216012;ya era ISBN-13
AMPLIACION - BERNAGOZZI 21635 28-09-2026 EL ATENEO.xls;BERNAGOZZI;21635;16;21635;744138.0;9789500217613;BANDERAS DEL MUNDO;2.0;9789500217613;ya era ISBN-13
AMPLIACION - BOIANELLI 21032 28-09-2026 EL ATENEO.xls;BOIANELLI;21032;2;21032;647011.0;9789500209564;MITOLOGIA GRIEGA Y ROMANA;1.0;9789500209564;ya era ISBN-13
AMPLIACION - BOIANELLI 21032 28-09-2026 EL ATENEO.xls;BOIANELLI;21032;3;21032;673647.0;9789500210416;CUENTOS CORTOS PARA SOÑAR 2;1.0;9789500210416;ya era ISBN-13
AMPLIACION - BOIANELLI 21032 28-09-2026 EL ATENEO.xls;BOIANELLI;21032;4;21032;694755.0;9789500212731;CUENTOS CORTOS PARA PINTAR;1.0;9789500212731;ya era ISBN-13
AMPLIACION - BOIANELLI 21032 28-09-2026 EL ATENEO.xls;BOIANELLI;21032;5;21032;709129.0;9789500214100;VACA SUS MIEDOS ATACA, LA - 2DA. EDICION TR;1.0;9789500214100;ya era ISBN-13
AMPLIACION - BOIANELLI 21032 28-09-2026 EL ATENEO.xls;BOIANELLI;21032;6;21032;709130.0;9789500214117;VACA SE EMPACA, LA - 2DA EDICION TR;1.0;9789500214117;ya era ISBN-13
AMPLIACION - BOIANELLI 21032 28-09-2026 EL ATENEO.xls;BOIANELLI;21032;7;21032;713925.0;9789500214803;CUENTOS DE TERRORRAN;1.0;9789500214803;ya era ISBN-13
AMPLIACION - BOIANELLI 21032 28-09-2026 EL ATENEO.xls;BOIANELLI;21032;8;21032;718919.0;9789500215374;TEO Y ANA INVESTIGAN EL UNIVERSO;1.0;9789500215374;ya era ISBN-13
AMPLIACION - BOIANELLI 21032 28-09-2026 EL ATENEO.xls;BOIANELLI;21032;9;21032;721549.0;9789500215510;MINICUENTOS DE SUSTO;1.0;9789500215510;ya era ISBN-13
AMPLIACION - BOIANELLI 21032 28-09-2026 EL ATENEO.xls;BOIANELLI;21032;10;21032;728159.0;9789500216142;PREGUNTON. ENCICLOPEDIA DE LA ARGENTINA, EL;1.0;9789500216142;ya era ISBN-13
AMPLIACION - BOIANELLI 21032 28-09-2026 EL ATENEO.xls;BOIANELLI;21032;11;21032;729377.0;9789500216173;EGRESADOS;1.0;9789500216173;ya era ISBN-13
AMPLIACION - BOIANELLI 21032 28-09-2026 EL ATENEO.xls;BOIANELLI;21032;12;21032;740175.0;9789500216524;RENATA EN LA GRANJA;1.0;9789500216524;ya era ISBN-13
AMPLIACION - BOIANELLI 21032 28-09-2026 EL ATENEO.xls;BOIANELLI;21032;13;21032;734148.0;9789500216616;CASA DEL COCTEL ROJO, LA;1.0;9789500216616;ya era ISBN-13
AMPLIACION - BOIANELLI 21032 28-09-2026 EL ATENEO.xls;BOIANELLI;21032;14;21032;741981.0;9789500216807;AMIGOS DEL BOSQUE;1.0;9789500216807;ya era ISBN-13
AMPLIACION - BOIANELLI 21032 28-09-2026 EL ATENEO.xls;BOIANELLI;21032;15;21032;741979.0;9789500216814;AMIGOS DE LA GRANJA;1.0;9789500216814;ya era ISBN-13
AMPLIACION - BOIANELLI 21032 28-09-2026 EL ATENEO.xls;BOIANELLI;21032;16;21032;747642.0;9789500217064;PEQUEÑOS LIBROS - LITTLE BOOKS;1.0;9789500217064;ya era ISBN-13
AMPLIACION - BOIANELLI 21032 28-09-2026 EL ATENEO.xls;BOIANELLI;21032;17;21032;743068.0;9789500217460;VACA VA A SER HERMANA, LA;1.0;9789500217460;ya era ISBN-13
AMPLIACION - BOIANELLI 21032 28-09-2026 EL ATENEO.xls;BOIANELLI;21032;18;21032;743066.0;9789500217521;AVENTURAS DE SHERLOCK HOLMES, LAS (ED. POCKET);1.0;9789500217521;ya era ISBN-13
AMPLIACION - BOIANELLI 21032 28-09-2026 EL ATENEO.xls;BOIANELLI;21032;19;21032;744137.0;9789500217651;SABUESO DE LOS BASKERVILLE, EL (POCKET);1.0;9789500217651;ya era ISBN-13
AMPLIACION - BOIANELLI 21032 28-09-2026 EL ATENEO.xls;BOIANELLI;21032;20;21032;747595.0;9789500217866;AMARANTIA;1.0;9789500217866;ya era ISBN-13
AMPLIACION - BOIANELLI 21032 28-09-2026 EL ATENEO.xls;BOIANELLI;21032;21;21032;685401.0;9789500211925;CUENTOS CORTOS PARA SOÑAR 4;2.0;9789500211925;ya era ISBN-13
AMPLIACION - BOIANELLI 21032 28-09-2026 EL ATENEO.xls;BOIANELLI;21032;22;21032;702981.0;9789500213417;SOMOS DIFERENTES;2.0;9789500213417;ya era ISBN-13
AMPLIACION - BOIANELLI 21032 28-09-2026 EL ATENEO.xls;BOIANELLI;21032;23;21032;707948.0;9789500213998;VACA NO SE CALLA, LA - TR;2.0;9789500213998;ya era ISBN-13
AMPLIACION - BOIANELLI 21032 28-09-2026 EL ATENEO.xls;BOIANELLI;21032;24;21032;713926.0;9789500214797;ANTEOJOS DE INTI, LOS;2.0;9789500214797;ya era ISBN-13
AMPLIACION - BOIANELLI 21032 28-09-2026 EL ATENEO.xls;BOIANELLI;21032;25;21032;718918.0;9789500215404;MAGO DE LOS LIBROS, EL;2.0;9789500215404;ya era ISBN-13
AMPLIACION - BOIANELLI 21032 28-09-2026 EL ATENEO.xls;BOIANELLI;21032;26;21032;727009.0;9789500216012;CUENTOS CORTOS PARA EL RECREO;2.0;9789500216012;ya era ISBN-13
AMPLIACION - BOIANELLI 21032 28-09-2026 EL ATENEO.xls;BOIANELLI;21032;27;21032;740173.0;9789500216517;BENJAMIN EN EL JARDIN;2.0;9789500216517;ya era ISBN-13
AMPLIACION - BOIANELLI 21032 28-09-2026 EL ATENEO.xls;BOIANELLI;21032;28;21032;747643.0;9789500217057;GATITO, ¿POR QUE ESTAS ENOJADO?;2.0;9789500217057;ya era ISBN-13
AMPLIACION - BOIANELLI 21032 28-09-2026 EL ATENEO.xls;BOIANELLI;21032;29;21032;748666.0;9789500218016;EDAD QUE ELEGIMOS, LA;2.0;9789500218016;ya era ISBN-13
AMPLIACION - BOIANELLI 21032 28-09-2026 EL ATENEO.xls;BOIANELLI;21032;30;21032;671442.0;9789500210263;WATSON & CIA;2.0;9789500210263;ya era ISBN-13
AMPLIACION - BOIANELLI 21032 28-09-2026 EL ATENEO.xls;BOIANELLI;21032;31;21032;702979.0;9789500213387;HACKEA TU MENTE;2.0;9789500213387;ya era ISBN-13
AMPLIACION - BOIANELLI 21032 28-09-2026 EL ATENEO.xls;BOIANELLI;21032;32;21032;704434.0;9789500213585;SECRETO DE COMPOSTELA, EL;2.0;9789500213585;ya era ISBN-13
AMPLIACION - BOIANELLI 21032 28-09-2026 EL ATENEO.xls;BOIANELLI;21032;33;21032;707248.0;9789500213882;SABUESO DE LOS BASKERVILLE, EL;2.0;9789500213882;ya era ISBN-13
AMPLIACION - BOIANELLI 21032 28-09-2026 EL ATENEO.xls;BOIANELLI;21032;34;21032;713084.0;9789500214704;SEÑAL DE LOS CUATRO, LA;2.0;9789500214704;ya era ISBN-13
AMPLIACION - BOIANELLI 21032 28-09-2026 EL ATENEO.xls;BOIANELLI;21032;35;21032;714679.0;9789500214995;VACA EN SU HAMACA, LA - TR;2.0;9789500214995;ya era ISBN-13
AMPLIACION - BOIANELLI 21032 28-09-2026 EL ATENEO.xls;BOIANELLI;21032;36;21032;721548.0;9789500215527;SEMILLA DEL PECADO, LA;2.0;9789500215527;ya era ISBN-13
AMPLIACION - BOIANELLI 21032 28-09-2026 EL ATENEO.xls;BOIANELLI;21032;37;21032;722600.0;9789500215626;MESSI INTIMO;2.0;9789500215626;ya era ISBN-13
AMPLIACION - BOIANELLI 21032 28-09-2026 EL ATENEO.xls;BOIANELLI;21032;38;21032;728158.0;9789500216166;VACA Y LA ESPINACA, LA - RUSTICA;2.0;9789500216166;ya era ISBN-13
AMPLIACION - BOIANELLI 21032 28-09-2026 EL ATENEO.xls;BOIANELLI;21032;39;21032;734150.0;9789500216708;MAGIA DE IVY, LA;2.0;9789500216708;ya era ISBN-13
AMPLIACION - BOIANELLI 21032 28-09-2026 EL ATENEO.xls;BOIANELLI;21032;40;21032;747647.0;9789500217033;STICKERS MAGICOS: GRANJA;2.0;9789500217033;ya era ISBN-13
AMPLIACION - BOIANELLI 21032 28-09-2026 EL ATENEO.xls;BOIANELLI;21032;41;21032;743067.0;9789500217507;MANUAL DE VIDA;2.0;9789500217507;ya era ISBN-13
AMPLIACION - BOIANELLI 21032 28-09-2026 EL ATENEO.xls;BOIANELLI;21032;42;21032;617598.0;9789500299114;PRINCIPITO, EL;2.0;9789500299114;ya era ISBN-13
AMPLIACION - BOIANELLI 21032 28-09-2026 EL ATENEO.xls;BOIANELLI;21032;43;21032;747598.0;9789500217842;SEÑAL DE LOS CUATRO, LA (ED. POCKET);2.0;9789500217842;ya era ISBN-13
AMPLIACION - BOIANELLI 21032 28-09-2026 EL ATENEO.xls;BOIANELLI;21032;44;21032;745992.0;9789500217767;SUPERCUENTOS DE GOL;3.0;9789500217767;ya era ISBN-13
AMPLIACION - BRUNO 22444 28-09-2026 EL ATENEO.xls;BRUNO;22444;2;;;9789500214537;400 PREGUNTAS Y RESPUESTAS SOBRE FUTBOL;1.0;9789500214537;ya era ISBN-13
AMPLIACION - BRUNO 22444 28-09-2026 EL ATENEO.xls;BRUNO;22444;3;;;9789500209823;AVENTURAS DE SHERLOCK HOLMES, LAS;1.0;9789500209823;ya era ISBN-13
AMPLIACION - BRUNO 22444 28-09-2026 EL ATENEO.xls;BRUNO;22444;4;;;9789500215237;CABALLOS;1.0;9789500215237;ya era ISBN-13
AMPLIACION - BRUNO 22444 28-09-2026 EL ATENEO.xls;BRUNO;22444;5;;;9789500215602;COCINA EXPRES;1.0;9789500215602;ya era ISBN-13
AMPLIACION - BRUNO 22444 28-09-2026 EL ATENEO.xls;BRUNO;22444;6;;;9789500215176;LETRAS;1.0;9789500215176;ya era ISBN-13
AMPLIACION - BRUNO 22444 28-09-2026 EL ATENEO.xls;BRUNO;22444;7;;;9789500216708;MAGIA DE IVY, LA;1.0;9789500216708;ya era ISBN-13
AMPLIACION - BRUNO 22444 28-09-2026 EL ATENEO.xls;BRUNO;22444;8;;;9789500215015;MEDITACIONES;1.0;9789500215015;ya era ISBN-13
AMPLIACION - BRUNO 22444 28-09-2026 EL ATENEO.xls;BRUNO;22444;9;;;9789500214216;PANES Y MASAS;1.0;9789500214216;ya era ISBN-13
AMPLIACION - BRUNO 22444 28-09-2026 EL ATENEO.xls;BRUNO;22444;10;;;9789500299114;PRINCIPITO, EL;1.0;9789500299114;ya era ISBN-13
AMPLIACION - BRUNO 22444 28-09-2026 EL ATENEO.xls;BRUNO;22444;11;;;9789500215527;SEMILLA DEL PECADO, LA;1.0;9789500215527;ya era ISBN-13
AMPLIACION - BRUNO 22444 28-09-2026 EL ATENEO.xls;BRUNO;22444;12;;;9789500214117;VACA SE EMPACA, LA - 2DA EDICION TR;1.0;9789500214117;ya era ISBN-13
AMPLIACION - BRUNO 22444 28-09-2026 EL ATENEO.xls;BRUNO;22444;13;;;9789500214100;VACA SUS MIEDOS ATACA, LA - 2DA. EDICION TR;1.0;9789500214100;ya era ISBN-13
AMPLIACION - BRUNO 22444 28-09-2026 EL ATENEO.xls;BRUNO;22444;14;;;9789500218047;PRINCIPITO, EL;2.0;9789500218047;ya era ISBN-13
AMPLIACION - BRUNO 22444 28-09-2026 EL ATENEO.xls;BRUNO;22444;15;;;9789500217767;SUPERCUENTOS DE GOL;2.0;9789500217767;ya era ISBN-13
AMPLIACION - BRUNO 22444 28-09-2026 EL ATENEO.xls;BRUNO;22444;16;;;9789500217866;AMARANTIA;3.0;9789500217866;ya era ISBN-13
AMPLIACION - BRUNO 22444 28-09-2026 EL ATENEO.xls;BRUNO;22444;17;;;9789500216470;BIOPAUSIA;3.0;9789500216470;ya era ISBN-13
AMPLIACION - BUENA LETRA SA 11444 28-09-2026 EL ATENEO.xls;BUENA LETRA SA;11444;2;11444;625422.0;9789500299299;1000 VENTANAS PARA DESCUBRIR LA CASA;1.0;9789500299299;ya era ISBN-13
AMPLIACION - BUENA LETRA SA 11444 28-09-2026 EL ATENEO.xls;BUENA LETRA SA;11444;3;11444;716994.0;9789500215190;APRENDER A ESTUDIAR;1.0;9789500215190;ya era ISBN-13
AMPLIACION - BUENA LETRA SA 11444 28-09-2026 EL ATENEO.xls;BUENA LETRA SA;11444;4;11444;737808.0;9789500216449;APRENDO A LEER LAS PALABRAS;1.0;9789500216449;ya era ISBN-13
AMPLIACION - BUENA LETRA SA 11444 28-09-2026 EL ATENEO.xls;BUENA LETRA SA;11444;5;11444;694755.0;9789500212731;CUENTOS CORTOS PARA PINTAR;1.0;9789500212731;ya era ISBN-13
AMPLIACION - BUENA LETRA SA 11444 28-09-2026 EL ATENEO.xls;BUENA LETRA SA;11444;6;11444;735110.0;9789500216722;MEDICI, LOS;1.0;9789500216722;ya era ISBN-13
AMPLIACION - BUENA LETRA SA 11444 28-09-2026 EL ATENEO.xls;BUENA LETRA SA;11444;7;11444;622049.0;9789500299503;WINSTON CHURCHILL;1.0;9789500299503;ya era ISBN-13
AMPLIACION - BUENA LETRA SA 11444 28-09-2026 EL ATENEO.xls;BUENA LETRA SA;11444;8;11444;732723.0;9789500216593;ANSIEDAD;2.0;9789500216593;ya era ISBN-13
AMPLIACION - BUENA LETRA SA 11444 28-09-2026 EL ATENEO.xls;BUENA LETRA SA;11444;9;11444;673647.0;9789500210416;CUENTOS CORTOS PARA SOÑAR 2;2.0;9789500210416;ya era ISBN-13
AMPLIACION - BUENA LETRA SA 11444 28-09-2026 EL ATENEO.xls;BUENA LETRA SA;11444;10;11444;685401.0;9789500211925;CUENTOS CORTOS PARA SOÑAR 4;2.0;9789500211925;ya era ISBN-13
AMPLIACION - BUENA LETRA SA 11444 28-09-2026 EL ATENEO.xls;BUENA LETRA SA;11444;11;11444;668112.0;9789500210140;GRANDES CARTAS DE AMOR;2.0;9789500210140;ya era ISBN-13
AMPLIACION - BUENA LETRA SA 11444 28-09-2026 EL ATENEO.xls;BUENA LETRA SA;11444;12;11444;719961.0;9789500215480;HIJO DEL CODICE, EL;2.0;9789500215480;ya era ISBN-13
AMPLIACION - BUENA LETRA SA 11444 28-09-2026 EL ATENEO.xls;BUENA LETRA SA;11444;13;11444;702715.0;9789500213332;NACE UN PAPA;2.0;9789500213332;ya era ISBN-13
AMPLIACION - BUENA LETRA SA 11444 28-09-2026 EL ATENEO.xls;BUENA LETRA SA;11444;14;11444;740759.0;9789500217262;OBESIDAD;2.0;9789500217262;ya era ISBN-13
AMPLIACION - BUENA LETRA SA 11444 28-09-2026 EL ATENEO.xls;BUENA LETRA SA;11444;15;11444;748670.0;9789500218047;PRINCIPITO, EL;2.0;9789500218047;ya era ISBN-13
AMPLIACION - BUENA LETRA SA 11444 28-09-2026 EL ATENEO.xls;BUENA LETRA SA;11444;16;11444;699700.0;9789500213073;VACA SE EMPACA, LA;2.0;9789500213073;ya era ISBN-13
AMPLIACION - BUENA LETRA SA 11444 28-09-2026 EL ATENEO.xls;BUENA LETRA SA;11444;17;11444;665952.0;9789500210041;VACA Y LA ESPINACA, LA;2.0;9789500210041;ya era ISBN-13
AMPLIACION - BUENA LETRA SA 11444 28-09-2026 EL ATENEO.xls;BUENA LETRA SA;11444;18;11444;680645.0;9789500211376;WATSON & CIA. CODIGO V;2.0;9789500211376;ya era ISBN-13
AMPLIACION - BUENA LETRA SA 11444 28-09-2026 EL ATENEO.xls;BUENA LETRA SA;11444;19;11444;734152.0;9789500216678;100 HISTORIAS DE LA BIBLIA;3.0;9789500216678;ya era ISBN-13
AMPLIACION - BUENA LETRA SA 11444 28-09-2026 EL ATENEO.xls;BUENA LETRA SA;11444;20;11444;711851.0;9789500214537;400 PREGUNTAS Y RESPUESTAS SOBRE FUTBOL;3.0;9789500214537;ya era ISBN-13
AMPLIACION - BUENA LETRA SA 11444 28-09-2026 EL ATENEO.xls;BUENA LETRA SA;11444;21;11444;726373.0;9789500215350;APRENDO A LEER LAS LETRAS;3.0;9789500215350;ya era ISBN-13
AMPLIACION - BUENA LETRA SA 11444 28-09-2026 EL ATENEO.xls;BUENA LETRA SA;11444;22;11444;698861.0;9789500213189;CUENTOS CORTOS PARA SOÑAR 6;3.0;9789500213189;ya era ISBN-13
AMPLIACION - BUENA LETRA SA 11444 28-09-2026 EL ATENEO.xls;BUENA LETRA SA;11444;23;11444;729377.0;9789500216173;EGRESADOS;3.0;9789500216173;ya era ISBN-13
AMPLIACION - BUENA LETRA SA 11444 28-09-2026 EL ATENEO.xls;BUENA LETRA SA;11444;24;11444;731834.0;9789500216302;HABLEMOS DE LOS SECRETOS;3.0;9789500216302;ya era ISBN-13
AMPLIACION - BUENA LETRA SA 11444 28-09-2026 EL ATENEO.xls;BUENA LETRA SA;11444;25;11444;709896.0;9789500214162;WATSON & CIA. VIAJE AL MUNDO OCULTO;3.0;9789500214162;ya era ISBN-13
AMPLIACION - BUENA LETRA SA 11444 28-09-2026 EL ATENEO.xls;BUENA LETRA SA;11444;26;11444;625423.0;9789500299305;1000 VENTANAS PARA DESCUBRIR LA CIUDAD;4.0;9789500299305;ya era ISBN-13
AMPLIACION - BUENA LETRA SA 11444 28-09-2026 EL ATENEO.xls;BUENA LETRA SA;11444;27;11444;740173.0;9789500216517;BENJAMIN EN EL JARDIN;4.0;9789500216517;ya era ISBN-13
AMPLIACION - BUENA LETRA SA 11444 28-09-2026 EL ATENEO.xls;BUENA LETRA SA;11444;28;11444;741695.0;9789500217323;CONSIGNAS DIDACTICAS;4.0;9789500217323;ya era ISBN-13
AMPLIACION - BUENA LETRA SA 11444 28-09-2026 EL ATENEO.xls;BUENA LETRA SA;11444;29;11444;668113.0;9789500210157;CUENTOS CORTOS PARA SOÑAR;4.0;9789500210157;ya era ISBN-13
AMPLIACION - BUENA LETRA SA 11444 28-09-2026 EL ATENEO.xls;BUENA LETRA SA;11444;30;11444;718511.0;9789500215398;CUENTOS DE AMOR PROPIO;4.0;9789500215398;ya era ISBN-13
AMPLIACION - BUENA LETRA SA 11444 28-09-2026 EL ATENEO.xls;BUENA LETRA SA;11444;31;11444;718922.0;9789500215411;NATURALISTAS;4.0;9789500215411;ya era ISBN-13
AMPLIACION - BUENA LETRA SA 11444 28-09-2026 EL ATENEO.xls;BUENA LETRA SA;11444;32;11444;702716.0;9789500213349;ROMPER EL CICLO;4.0;9789500213349;ya era ISBN-13
AMPLIACION - BUENA LETRA SA 11444 28-09-2026 EL ATENEO.xls;BUENA LETRA SA;11444;33;11444;745992.0;9789500217767;SUPERCUENTOS DE GOL;4.0;9789500217767;ya era ISBN-13
AMPLIACION - BUENA LETRA SA 11444 28-09-2026 EL ATENEO.xls;BUENA LETRA SA;11444;34;11444;725697.0;9789500215831;VOY A RECORDARTE;4.0;9789500215831;ya era ISBN-13
AMPLIACION - BUENA LETRA SA 11444 28-09-2026 EL ATENEO.xls;BUENA LETRA SA;11444;35;11444;740756.0;9789500217279;CON EL AMOR NO ALCANZA;5.0;9789500217279;ya era ISBN-13
AMPLIACION - BUENA LETRA SA 11444 28-09-2026 EL ATENEO.xls;BUENA LETRA SA;11444;36;11444;706239.0;9789500213790;EMOCIONES DE INTI, LAS;5.0;9789500213790;ya era ISBN-13
AMPLIACION - BUENA LETRA SA 11444 28-09-2026 EL ATENEO.xls;BUENA LETRA SA;11444;37;11444;747643.0;9789500217057;GATITO, ¿POR QUE ESTAS ENOJADO?;5.0;9789500217057;ya era ISBN-13
AMPLIACION - BUENA LETRA SA 11444 28-09-2026 EL ATENEO.xls;BUENA LETRA SA;11444;38;11444;747599.0;9789500217897;GIMNASIA MENTAL: ENIGMAS Y ASOCIACIONES;5.0;9789500217897;ya era ISBN-13
AMPLIACION - BUENA LETRA SA 11444 28-09-2026 EL ATENEO.xls;BUENA LETRA SA;11444;39;11444;737041.0;9789500216357;QUIEN ESTA AHI? EN LA SELVA;5.0;9789500216357;ya era ISBN-13
AMPLIACION - BUENA LETRA SA 11444 28-09-2026 EL ATENEO.xls;BUENA LETRA SA;11444;40;11444;720930.0;9789500214919;SEMIOLOGIA DEL SISTEMA NERVIOSO -16ª EDICION;5.0;9789500214919;ya era ISBN-13
AMPLIACION - BUENA LETRA SA 11444 28-09-2026 EL ATENEO.xls;BUENA LETRA SA;11444;41;11444;692861.0;9789500212618;Y AHORA, ¿QUE?;5.0;9789500212618;ya era ISBN-13
AMPLIACION - BUENA LETRA SA 11444 28-09-2026 EL ATENEO.xls;BUENA LETRA SA;11444;42;11444;717943.0;9789500215220;CHAU, TETA;6.0;9789500215220;ya era ISBN-13
AMPLIACION - BUENA LETRA SA 11444 28-09-2026 EL ATENEO.xls;BUENA LETRA SA;11444;43;11444;747646.0;9789500217026;STICKERS MAGICOS DINOSAURIOS;6.0;9789500217026;ya era ISBN-13
AMPLIACION - BUENA LETRA SA 11444 28-09-2026 EL ATENEO.xls;BUENA LETRA SA;11444;44;11444;717942.0;9789500215343;VOY AL BAÑO - TR;6.0;9789500215343;ya era ISBN-13
AMPLIACION - BUENA LETRA SA 11444 28-09-2026 EL ATENEO.xls;BUENA LETRA SA;11444;45;11444;728156.0;9789500216135;CUENTOS DE AMOR PROPIO 2;7.0;9789500216135;ya era ISBN-13
AMPLIACION - BUENA LETRA SA 11444 28-09-2026 EL ATENEO.xls;BUENA LETRA SA;11444;46;11444;744133.0;9789500217675;CUMPLE DE 15;7.0;9789500217675;ya era ISBN-13
AMPLIACION - BUENA LETRA SA 11444 28-09-2026 EL ATENEO.xls;BUENA LETRA SA;11444;47;11444;747642.0;9789500217064;PEQUEÑOS LIBROS - LITTLE BOOKS;8.0;9789500217064;ya era ISBN-13
AMPLIACION - BUENA LETRA SA 11444 28-09-2026 EL ATENEO.xls;BUENA LETRA SA;11444;48;11444;744138.0;9789500217613;BANDERAS DEL MUNDO;10.0;9789500217613;ya era ISBN-13
AMPLIACION - BUENA LETRA SA 11444 28-09-2026 EL ATENEO.xls;BUENA LETRA SA;11444;49;11444;392614.0;9789500253390;DICCIONARIO ESPAÑOL-INGLES ENGLISH-SPANISH;10.0;9789500253390;ya era ISBN-13
AMPLIACION - BUENA LETRA SA 11444 28-09-2026 EL ATENEO.xls;BUENA LETRA SA;11444;50;11444;748666.0;9789500218016;EDAD QUE ELEGIMOS, LA;10.0;9789500218016;ya era ISBN-13
AMPLIACION - BUENA LETRA SA 11444 28-09-2026 EL ATENEO.xls;BUENA LETRA SA;11444;51;11444;744136.0;9789500217644;ENREDOS DEL CORAZON;10.0;9789500217644;ya era ISBN-13
AMPLIACION - BUENA LETRA SA 11444 28-09-2026 EL ATENEO.xls;BUENA LETRA SA;11444;52;11444;743062.0;9789500217514;RESETEA TUS INTESTINOS (3ª EDICION);10.0;9789500217514;ya era ISBN-13
AMPLIACION - BUENA LETRA SA 11444 28-09-2026 EL ATENEO.xls;BUENA LETRA SA;11444;53;11444;747647.0;9789500217033;STICKERS MAGICOS: GRANJA;10.0;9789500217033;ya era ISBN-13
AMPLIACION - CALDERON 22071 28-09-2026 EL ATENEO.xls;CALDERON;22071;2;22071;745993.0;9789500217811;CARPINCHOS MAGICOS;1.0;9789500217811;ya era ISBN-13
AMPLIACION - CALDERON 22071 28-09-2026 EL ATENEO.xls;CALDERON;22071;3;22071;742443.0;9789500216944;EXPLOREMOS LA GRANJA;1.0;9789500216944;ya era ISBN-13
AMPLIACION - CALDERON 22071 28-09-2026 EL ATENEO.xls;CALDERON;22071;4;22071;748665.0;9789500218030;TIRANIA DEL DIAGNOSTICO, LA;1.0;9789500218030;ya era ISBN-13
AMPLIACION - CALDERON 22071 28-09-2026 EL ATENEO.xls;CALDERON;22071;5;22071;714678.0;9789500215008;VOY A DORMIR EN MI CAMA - TR;1.0;9789500215008;ya era ISBN-13
AMPLIACION - CALDERON 22071 28-09-2026 EL ATENEO.xls;CALDERON;22071;6;22071;717942.0;9789500215343;VOY AL BAÑO - TR;1.0;9789500215343;ya era ISBN-13
AMPLIACION - CALDERON 22071 28-09-2026 EL ATENEO.xls;CALDERON;22071;7;22071;680645.0;9789500211376;WATSON & CIA. CODIGO V;1.0;9789500211376;ya era ISBN-13
AMPLIACION - CALDERON 22071 28-09-2026 EL ATENEO.xls;CALDERON;22071;8;22071;741981.0;9789500216807;AMIGOS DEL BOSQUE;2.0;9789500216807;ya era ISBN-13
AMPLIACION - CALDERON 22071 28-09-2026 EL ATENEO.xls;CALDERON;22071;9;22071;747599.0;9789500217897;GIMNASIA MENTAL: ENIGMAS Y ASOCIACIONES;2.0;9789500217897;ya era ISBN-13
AMPLIACION - CALDERON 22071 28-09-2026 EL ATENEO.xls;CALDERON;22071;10;22071;741979.0;9789500216814;AMIGOS DE LA GRANJA;3.0;9789500216814;ya era ISBN-13
AMPLIACION - CALDERON 22071 28-09-2026 EL ATENEO.xls;CALDERON;22071;11;22071;728160.0;9789500215770;NUEVO DICCIONARIO ESCOLAR DE LA LENGUA ESPAÑOLA;5.0;9789500215770;ya era ISBN-13
AMPLIACION - CAÑIBANO 21267 28-09-2026 EL ATENEO.xls;CAÑIBANO;21267;2;21267;698861.0;9789500213189;CUENTOS CORTOS PARA SOÑAR 6;1.0;9789500213189;ya era ISBN-13
AMPLIACION - CAÑIBANO 21267 28-09-2026 EL ATENEO.xls;CAÑIBANO;21267;3;21267;718511.0;9789500215398;CUENTOS DE AMOR PROPIO;1.0;9789500215398;ya era ISBN-13
AMPLIACION - CAÑIBANO 21267 28-09-2026 EL ATENEO.xls;CAÑIBANO;21267;4;21267;734395.0;9789500216043;JUEGO Y APRENDO! DINOSAURIOS;1.0;9789500216043;ya era ISBN-13
AMPLIACION - CAÑIBANO 21267 28-09-2026 EL ATENEO.xls;CAÑIBANO;21267;5;21267;672057.0;9789500210362;MI PLANTA DE NARANJA LIMA - EDICION ESCOLAR;1.0;9789500210362;ya era ISBN-13
AMPLIACION - CAÑIBANO 21267 28-09-2026 EL ATENEO.xls;CAÑIBANO;21267;6;21267;188707.0;9789500286763;PRINCIPE, EL;1.0;9789500286763;ya era ISBN-13
AMPLIACION - CAÑIBANO 21267 28-09-2026 EL ATENEO.xls;CAÑIBANO;21267;7;21267;730438.0;9789500216364;RINCONES DE BUENOS AIRES;1.0;9789500216364;ya era ISBN-13
AMPLIACION - CAÑIBANO 21267 28-09-2026 EL ATENEO.xls;CAÑIBANO;21267;8;21267;732486.0;9789500215893;¡ACA ESTOY! VAQUITA;2.0;9789500215893;ya era ISBN-13
AMPLIACION - CAÑIBANO 21267 28-09-2026 EL ATENEO.xls;CAÑIBANO;21267;9;21267;747645.0;9789500217040;DINO, ¿POR QUE ESTAS TRISTE?;2.0;9789500217040;ya era ISBN-13
AMPLIACION - CAÑIBANO 21267 28-09-2026 EL ATENEO.xls;CAÑIBANO;21267;10;21267;747643.0;9789500217057;GATITO, ¿POR QUE ESTAS ENOJADO?;2.0;9789500217057;ya era ISBN-13
AMPLIACION - CAÑIBANO 21267 28-09-2026 EL ATENEO.xls;CAÑIBANO;21267;11;21267;745988.0;9789500217729;LEGION SECRETA DEL SUR, LA;2.0;9789500217729;ya era ISBN-13
AMPLIACION - CAÑIBANO 21267 28-09-2026 EL ATENEO.xls;CAÑIBANO;21267;12;21267;707950.0;9789500213936;TEO Y ANA INVESTIGAN LOS DEPORTES;2.0;9789500213936;ya era ISBN-13
AMPLIACION - CARRO 22374 28-09-2026 EL ATENEO.xls;CARRO;22374;2;22374;744141.0;9789500217149;100 MENSAJES PARA NIÑOS FELICES;1.0;9789500217149;ya era ISBN-13
AMPLIACION - CARRO 22374 28-09-2026 EL ATENEO.xls;CARRO;22374;3;22374;744139.0;9789500217019;HOLA, BEBE. MI MUNDO;1.0;9789500217019;ya era ISBN-13
AMPLIACION - CARRO 22374 28-09-2026 EL ATENEO.xls;CARRO;22374;4;22374;702718.0;9789500213196;TEO Y ANA INVESTIGAN EL TERROR;1.0;9789500213196;ya era ISBN-13
AMPLIACION - CARRO 22374 28-09-2026 EL ATENEO.xls;CARRO;22374;5;22374;678455.0;9789500211109;TEO Y ANA INVESTIGAN LOS ANIMALES;1.0;9789500211109;ya era ISBN-13
AMPLIACION - CARRO 22374 28-09-2026 EL ATENEO.xls;CARRO;22374;6;22374;735115.0;9789500216234;SUPER UNICORNIOS: FIESTA DE FLORES;2.0;9789500216234;ya era ISBN-13
AMPLIACION - CARRO 22374 28-09-2026 EL ATENEO.xls;CARRO;22374;7;22374;729381.0;9789500216265;VACA DE LA AMISTAD NOS HABLA, LA;2.0;9789500216265;ya era ISBN-13
AMPLIACION - CARRO 22374 28-09-2026 EL ATENEO.xls;CARRO;22374;8;22374;747646.0;9789500217026;STICKERS MAGICOS DINOSAURIOS;2.0;9789500217026;ya era ISBN-13
AMPLIACION - CARRO 22374 28-09-2026 EL ATENEO.xls;CARRO;22374;9;22374;747647.0;9789500217033;STICKERS MAGICOS: GRANJA;2.0;9789500217033;ya era ISBN-13
AMPLIACION - CARRO 22374 28-09-2026 EL ATENEO.xls;CARRO;22374;10;22374;709130.0;9789500214117;VACA SE EMPACA, LA - 2DA EDICION TR;2.0;9789500214117;ya era ISBN-13
AMPLIACION - CARRO 22374 28-09-2026 EL ATENEO.xls;CARRO;22374;11;22374;717943.0;9789500215220;CHAU, TETA;2.0;9789500215220;ya era ISBN-13
AMPLIACION - CARRO 22374 28-09-2026 EL ATENEO.xls;CARRO;22374;12;22374;742445.0;9789500216777;PEQUEÑOS PASOS: MIS ANIMALES;3.0;9789500216777;ya era ISBN-13
AMPLIACION - CARRO 22374 28-09-2026 EL ATENEO.xls;CARRO;22374;13;22374;707948.0;9789500213998;VACA NO SE CALLA, LA - TR;3.0;9789500213998;ya era ISBN-13
AMPLIACION - CARRO 22374 28-09-2026 EL ATENEO.xls;CARRO;22374;14;22374;728158.0;9789500216166;VACA Y LA ESPINACA, LA - RUSTICA;3.0;9789500216166;ya era ISBN-13
AMPLIACION - CASTELLI 23980 28-09-2026 EL ATENEO.xls;CASTELLI;23980;2;23980;726374.0;9789500215367;APRENDO A LEER LAS SILABAS;1.0;9789500215367;ya era ISBN-13
AMPLIACION - CASTELLI 23980 28-09-2026 EL ATENEO.xls;CASTELLI;23980;3;23980;685399.0;9789500211895;COMO HABLAN;1.0;9789500211895;ya era ISBN-13
AMPLIACION - CASTELLI 23980 28-09-2026 EL ATENEO.xls;CASTELLI;23980;4;23980;718511.0;9789500215398;CUENTOS DE AMOR PROPIO;1.0;9789500215398;ya era ISBN-13
AMPLIACION - CASTELLI 23980 28-09-2026 EL ATENEO.xls;CASTELLI;23980;5;23980;706239.0;9789500213790;EMOCIONES DE INTI, LAS;1.0;9789500213790;ya era ISBN-13
AMPLIACION - CASTELLI 23980 28-09-2026 EL ATENEO.xls;CASTELLI;23980;6;23980;737041.0;9789500216357;QUIEN ESTA AHI? EN LA SELVA;1.0;9789500216357;ya era ISBN-13
AMPLIACION - CASTELLI 23980 28-09-2026 EL ATENEO.xls;CASTELLI;23980;7;23980;731833.0;9789500216432;TEO Y ANA INVESTIGA LOS SERES FANTASTICOS;1.0;9789500216432;ya era ISBN-13
AMPLIACION - CASTELLI 23980 28-09-2026 EL ATENEO.xls;CASTELLI;23980;8;23980;699701.0;9789500213080;VACA SUS MIEDOS ATACA, LA;1.0;9789500213080;ya era ISBN-13
AMPLIACION - DE BELAUSTEGUI 22182 28-09-2026 EL ATENEO.xls;DE BELAUSTEGUI;22182;2;;;9789500215008;VOY A DORMIR EN MI CAMA - TR;2.0;9789500215008;ya era ISBN-13
AMPLIACION - DE BELAUSTEGUI 22182 28-09-2026 EL ATENEO.xls;DE BELAUSTEGUI;22182;3;;;9789500215343;VOY AL BAÑO - TR;2.0;9789500215343;ya era ISBN-13
AMPLIACION - DE BELAUSTEGUI 22182 28-09-2026 EL ATENEO.xls;DE BELAUSTEGUI;22182;4;;;9789500217675;CUMPLE DE 15;3.0;9789500217675;ya era ISBN-13
AMPLIACION - DETZEL 22497 28-09-2026 EL ATENEO.xls;DETZEL;22497;2;22497;737450.0;9789500216371;ARTE DE LA GUERRA, EL;1.0;9789500216371;ya era ISBN-13
AMPLIACION - DETZEL 22497 28-09-2026 EL ATENEO.xls;DETZEL;22497;3;22497;747642.0;9789500217064;PEQUEÑOS LIBROS - LITTLE BOOKS;1.0;9789500217064;ya era ISBN-13
AMPLIACION - DETZEL 22497 28-09-2026 EL ATENEO.xls;DETZEL;22497;4;22497;742445.0;9789500216777;PEQUEÑOS PASOS: MIS ANIMALES;1.0;9789500216777;ya era ISBN-13
AMPLIACION - DETZEL 22497 28-09-2026 EL ATENEO.xls;DETZEL;22497;5;22497;744137.0;9789500217651;SABUESO DE LOS BASKERVILLE, EL (POCKET);1.0;9789500217651;ya era ISBN-13
AMPLIACION - DETZEL 22497 28-09-2026 EL ATENEO.xls;DETZEL;22497;6;22497;727018.0;9789500215992;SOBRE LA VIDA FELIZ;1.0;9789500215992;ya era ISBN-13
AMPLIACION - DETZEL 22497 28-09-2026 EL ATENEO.xls;DETZEL;22497;7;22497;728155.0;9789500216081;SUEÑOS DE SELECCION;1.0;9789500216081;ya era ISBN-13
AMPLIACION - DETZEL 22497 28-09-2026 EL ATENEO.xls;DETZEL;22497;8;22497;748668.0;9789500218023;TAO TE CHING.  (ED. POCKET);1.0;9789500218023;ya era ISBN-13
AMPLIACION - DETZEL 22497 28-09-2026 EL ATENEO.xls;DETZEL;22497;9;22497;702718.0;9789500213196;TEO Y ANA INVESTIGAN EL TERROR;1.0;9789500213196;ya era ISBN-13
AMPLIACION - DETZEL 22497 28-09-2026 EL ATENEO.xls;DETZEL;22497;10;22497;671443.0;9789500210317;TEO Y ANA INVESTIGAN LA ARGENTINA;1.0;9789500210317;ya era ISBN-13
AMPLIACION - DETZEL 22497 28-09-2026 EL ATENEO.xls;DETZEL;22497;11;22497;714678.0;9789500215008;VOY A DORMIR EN MI CAMA - TR;1.0;9789500215008;ya era ISBN-13
AMPLIACION - DETZEL 22497 28-09-2026 EL ATENEO.xls;DETZEL;22497;12;22497;740173.0;9789500216517;BENJAMIN EN EL JARDIN;2.0;9789500216517;ya era ISBN-13
AMPLIACION - DETZEL 22497 28-09-2026 EL ATENEO.xls;DETZEL;22497;13;22497;673647.0;9789500210416;CUENTOS CORTOS PARA SOÑAR 2;2.0;9789500210416;ya era ISBN-13
AMPLIACION - DETZEL 22497 28-09-2026 EL ATENEO.xls;DETZEL;22497;14;22497;748665.0;9789500218030;TIRANIA DEL DIAGNOSTICO, LA;2.0;9789500218030;ya era ISBN-13
AMPLIACION - EDICIONES BAHIA SA 21233 28-09-2026 EL ATENEO.ods;EDICIONES BAHIA SA;21233;2;;;9789500218160.0;PROMESA DE SANGRE (NUEVO);10.0;9789500218160;ya era ISBN-13
AMPLIACION - EDICIONES BAHIA SA 21233 28-09-2026 EL ATENEO.ods;EDICIONES BAHIA SA;21233;3;;;9789500215220.0;CHAU TETA (NUEVO);5.0;9789500215220;ya era ISBN-13
AMPLIACION - EDICIONES BAHIA SA 21233 28-09-2026 EL ATENEO.ods;EDICIONES BAHIA SA;21233;4;;;9789500215398.0;CUENTOS DE AMOR PROPIO (2DA EDICIO;5.0;9789500215398;ya era ISBN-13
AMPLIACION - EDICIONES BAHIA SA 21233 28-09-2026 EL ATENEO.ods;EDICIONES BAHIA SA;21233;5;;;9789500210362.0;MI PLANTA DE NARANJA LIMA (EDICION;5.0;9789500210362;ya era ISBN-13
AMPLIACION - EDICIONES BAHIA SA 21233 28-09-2026 EL ATENEO.ods;EDICIONES BAHIA SA;21233;6;;;9789500216470.0;BIOPAUSIA (NUEVO);5.0;9789500216470;ya era ISBN-13
AMPLIACION - EDICIONES BAHIA SA 21233 28-09-2026 EL ATENEO.ods;EDICIONES BAHIA SA;21233;7;;;9789500217675.0;CUMPLE DE 15 (NUEVO);5.0;9789500217675;ya era ISBN-13
AMPLIACION - EDICIONES BAHIA SA 21233 28-09-2026 EL ATENEO.ods;EDICIONES BAHIA SA;21233;8;;;9789500216173.0;EGRESADOS (NUEVO);5.0;9789500216173;ya era ISBN-13
AMPLIACION - EDICIONES BAHIA SA 21233 28-09-2026 EL ATENEO.ods;EDICIONES BAHIA SA;21233;9;;;9789500213066.0;LA VACA EN SU HAMACA (TAPA DURA) (;5.0;9789500213066;ya era ISBN-13
AMPLIACION - EDICIONES BAHIA SA 21233 28-09-2026 EL ATENEO.ods;EDICIONES BAHIA SA;21233;10;;;9789500218146.0;ROZAS (NUEVO);5.0;9789500218146;ya era ISBN-13
AMPLIACION - EDICIONES BAHIA SA 21233 28-09-2026 EL ATENEO.ods;EDICIONES BAHIA SA;21233;11;;;9789500209908.0;LA HISTORIA COMO NUNCA ANTES TE LA;5.0;9789500209908;ya era ISBN-13
AMPLIACION - EDICIONES BAHIA SA 21233 28-09-2026 EL ATENEO.ods;EDICIONES BAHIA SA;21233;12;;;9789500217224.0;LA VACA NO SE CALLA (TAPA DURA) (N;5.0;9789500217224;ya era ISBN-13
AMPLIACION - EDICIONES BAHIA SA 21233 28-09-2026 EL ATENEO.ods;EDICIONES BAHIA SA;21233;13;;;9789500213073.0;LA VACA SE EMPACA (NUEVA EDICION);5.0;9789500213073;ya era ISBN-13
AMPLIACION - EDICIONES BAHIA SA 21233 28-09-2026 EL ATENEO.ods;EDICIONES BAHIA SA;21233;14;;;9789500214117.0;LA VACA SE EMPACA (RUSTICA) (NUEVO;5.0;9789500214117;ya era ISBN-13
AMPLIACION - EDICIONES BAHIA SA 21233 28-09-2026 EL ATENEO.ods;EDICIONES BAHIA SA;21233;15;;;9789500214100.0;LA VACA SUS MIEDOS ATACA (RUSTICA);5.0;9789500214100;ya era ISBN-13
AMPLIACION - EDICIONES BAHIA SA 21233 28-09-2026 EL ATENEO.ods;EDICIONES BAHIA SA;21233;16;;;9789500216166.0;LA VACA Y LA ESPINACA (NUEVO);5.0;9789500216166;ya era ISBN-13
AMPLIACION - EDICIONES BAHIA SA 21233 28-09-2026 EL ATENEO.ods;EDICIONES BAHIA SA;21233;17;;;9789500213790.0;LAS EMOCIONES DE INTI (NUEVO);5.0;9789500213790;ya era ISBN-13
AMPLIACION - EDICIONES BAHIA SA 21233 28-09-2026 EL ATENEO.ods;EDICIONES BAHIA SA;21233;18;;;9789500215343.0;VOY AL BANO (RUSTICA) (NUEVO);5.0;9789500215343;ya era ISBN-13
AMPLIACION - EDICIONES BAHIA SA 21233 28-09-2026 EL ATENEO.ods;EDICIONES BAHIA SA;21233;19;;;9789500216814.0;AMIGOS DE LA GRANJA (NUEVO);5.0;9789500216814;ya era ISBN-13
AMPLIACION - EDICIONES BAHIA SA 21233 28-09-2026 EL ATENEO.ods;EDICIONES BAHIA SA;21233;20;;;9789500216807.0;AMIGOS DEL BOSQUE (NUEVO);5.0;9789500216807;ya era ISBN-13
AMPLIACION - EDICIONES BAHIA SA 21233 28-09-2026 EL ATENEO.ods;EDICIONES BAHIA SA;21233;21;;;9789500216265.0;LA VACA DE LA AMISTAD NOS HABLA (N;5.0;9789500216265;ya era ISBN-13
AMPLIACION - EDICIONES BAHIA SA 21233 28-09-2026 EL ATENEO.ods;EDICIONES BAHIA SA;21233;22;;;9789500213998.0;LA VACA NO SE CALLA (NUEVO);5.0;9789500213998;ya era ISBN-13
AMPLIACION - EDICIONES BAHIA SA 21233 28-09-2026 EL ATENEO.ods;EDICIONES BAHIA SA;21233;23;;;9789500213080.0;LA VACA SUS MIEDOS ATACA (NUEVA ED;5.0;9789500213080;ya era ISBN-13
AMPLIACION - EDICIONES BAHIA SA 21233 28-09-2026 EL ATENEO.ods;EDICIONES BAHIA SA;21233;24;;;9789500215374.0;TEO Y ANA INVESTIGAN EL UNIVERSO (;5.0;9789500215374;ya era ISBN-13
AMPLIACION - EDICIONES BAHIA SA 21233 28-09-2026 EL ATENEO.ods;EDICIONES BAHIA SA;21233;25;;;9789500211109.0;TEO Y ANA INVESTIGAN LOS ANIMALES;5.0;9789500211109;ya era ISBN-13
AMPLIACION - EDICIONES BAHIA SA 21233 28-09-2026 EL ATENEO.ods;EDICIONES BAHIA SA;21233;26;;;9789500215008.0;VOY A DORMIR EN MI CAMA (RUSTICA);5.0;9789500215008;ya era ISBN-13
AMPLIACION - EDICIONES BAHIA SA 21233 28-09-2026 EL ATENEO.ods;EDICIONES BAHIA SA;21233;27;;;9789500217354.0;EL LIBRO MAGICO DE LOS NINOS VALIE;3.0;9789500217354;ya era ISBN-13
AMPLIACION - EDICIONES BAHIA SA 21233 28-09-2026 EL ATENEO.ods;EDICIONES BAHIA SA;21233;28;;;9789500216869.0;FINANZAS (NUEVO);3.0;9789500216869;ya era ISBN-13
AMPLIACION - EDICIONES BAHIA SA 21233 28-09-2026 EL ATENEO.ods;EDICIONES BAHIA SA;21233;29;;;9789500211451.0;FUNDAMENTOS DE NUTRICION EN EL DEP;3.0;9789500211451;ya era ISBN-13
AMPLIACION - EDICIONES BAHIA SA 21233 28-09-2026 EL ATENEO.ods;EDICIONES BAHIA SA;21233;30;;;9789500211468.0;FUNDAMENTOS DE NUTRICION NORMAL (3;3.0;9789500211468;ya era ISBN-13
AMPLIACION - EDICIONES BAHIA SA 21233 28-09-2026 EL ATENEO.ods;EDICIONES BAHIA SA;21233;31;;;9789500210515.0;TEO Y ANA INVESTIGAN EL MUNDO (NUE;3.0;9789500210515;ya era ISBN-13
AMPLIACION - EDICIONES BAHIA SA 21233 28-09-2026 EL ATENEO.ods;EDICIONES BAHIA SA;21233;32;;;9789500213936.0;TEO Y ANA INVESTIGAN LOS DEPORTES;3.0;9789500213936;ya era ISBN-13
AMPLIACION - EDICIONES BAHIA SA 21233 28-09-2026 EL ATENEO.ods;EDICIONES BAHIA SA;21233;33;;;9789500216432.0;TEO Y ANA INVESTIGAN LOS SERES FAN;3.0;9789500216432;ya era ISBN-13
AMPLIACION - EDICIONES BAHIA SA 21233 28-09-2026 EL ATENEO.ods;EDICIONES BAHIA SA;21233;34;;;9789500213332.0;NACE UN PAPA (NUEVO);3.0;9789500213332;ya era ISBN-13
AMPLIACION - EDICIONES BAHIA SA 21233 28-09-2026 EL ATENEO.ods;EDICIONES BAHIA SA;21233;35;;;9789500213257.0;PASTELERIA ARGENTINA (NUEVO);3.0;9789500213257;ya era ISBN-13
AMPLIACION - EDICIONES BAHIA SA 21233 28-09-2026 EL ATENEO.ods;EDICIONES BAHIA SA;21233;36;;;9789500215466.0;SERAS TAN FELIZ COMO INSISTAS (NUE;3.0;9789500215466;ya era ISBN-13
AMPLIACION - EDICIONES BAHIA SA 21233 28-09-2026 EL ATENEO.ods;EDICIONES BAHIA SA;21233;37;;;9789500215893.0;TOCA Y DESCUBRI - ACA ESTOY ! VAQU;3.0;9789500215893;ya era ISBN-13
AMPLIACION - EDICIONES BAHIA SA 21233 28-09-2026 EL ATENEO.ods;EDICIONES BAHIA SA;21233;38;;;9789500210874.0;EL PREGUNTON - ENCICLOPEDIA PARA N;3.0;9789500210874;ya era ISBN-13
AMPLIACION - EDICIONES BAHIA SA 21233 28-09-2026 EL ATENEO.ods;EDICIONES BAHIA SA;21233;39;;;9789500217644.0;ENREDOS DEL CORAZON (NUEVO);3.0;9789500217644;ya era ISBN-13
AMPLIACION - EDICIONES BAHIA SA 21233 28-09-2026 EL ATENEO.ods;EDICIONES BAHIA SA;21233;40;;;9789500217057.0;GATITO , POR QUE ESTAS ENOJADO ? (;3.0;9789500217057;ya era ISBN-13
AMPLIACION - EDICIONES BAHIA SA 21233 28-09-2026 EL ATENEO.ods;EDICIONES BAHIA SA;21233;41;;;9789500217880.0;GIMNASIA MENTAL - JUEGOS DE LOGICA;3.0;9789500217880;ya era ISBN-13
AMPLIACION - EDICIONES BAHIA SA 21233 28-09-2026 EL ATENEO.ods;EDICIONES BAHIA SA;21233;42;;;9789500217231.0;VOY A LA ESCUELA (NUEVO);2.0;9789500217231;ya era ISBN-13
AMPLIACION - EDICIONES BAHIA SA 21233 28-09-2026 EL ATENEO.ods;EDICIONES BAHIA SA;21233;43;;;9789500216135.0;CUENTOS DE AMOR PROPIO 2 (NUEVO);2.0;9789500216135;ya era ISBN-13
AMPLIACION - EDICIONES BAHIA SA 21233 28-09-2026 EL ATENEO.ods;EDICIONES BAHIA SA;21233;44;;;9789500218023.0;TAO TE CHING (NUEVO);2.0;9789500218023;ya era ISBN-13
AMPLIACION - EDICIONES BAHIA SA 21233 28-09-2026 EL ATENEO.ods;EDICIONES BAHIA SA;21233;45;;;9789500218078.0;VOLVER A CREER (NUEVO);2.0;9789500218078;ya era ISBN-13
AMPLIACION - EDICIONES BAHIA SA 21233 28-09-2026 EL ATENEO.ods;EDICIONES BAHIA SA;21233;46;;;9789500212090.0;DESCONOCIDA BUENOS AIRES - SECRETO;2.0;9789500212090;ya era ISBN-13
AMPLIACION - EDICIONES BAHIA SA 21233 28-09-2026 EL ATENEO.ods;EDICIONES BAHIA SA;21233;47;;;9789500217040.0;DINO , POR QUE ESTAS TRISTE ? (NUE;2.0;9789500217040;ya era ISBN-13
AMPLIACION - EDICIONES BAHIA SA 21233 28-09-2026 EL ATENEO.ods;EDICIONES BAHIA SA;21233;48;;;9789500216708.0;LA MAGIA DE IVY (NUEVO);2.0;9789500216708;ya era ISBN-13
AMPLIACION - EDICIONES BAHIA SA 21233 28-09-2026 EL ATENEO.ods;EDICIONES BAHIA SA;21233;49;;;9789500218153.0;LIDERAZGO CON PROPOSITO (NUEVO);2.0;9789500218153;ya era ISBN-13
AMPLIACION - EDICIONES BAHIA SA 21233 28-09-2026 EL ATENEO.ods;EDICIONES BAHIA SA;21233;50;;;9789500210133.0;MI PLANTA DE NARANJA LIMA (EDICION;2.0;9789500210133;ya era ISBN-13
AMPLIACION - EDICIONES BAHIA SA 21233 28-09-2026 EL ATENEO.ods;EDICIONES BAHIA SA;21233;51;;;9789500216777.0;PEQUENOS PASOS - MIS ANIMALES (NUE;2.0;9789500216777;ya era ISBN-13
AMPLIACION - EDICIONES BAHIA SA 21233 28-09-2026 EL ATENEO.ods;EDICIONES BAHIA SA;21233;52;;;9789500217378.0;AFRODITA (NUEVO);2.0;9789500217378;ya era ISBN-13
AMPLIACION - EDICIONES BAHIA SA 21233 28-09-2026 EL ATENEO.ods;EDICIONES BAHIA SA;21233;53;;;9789500215862.0;AYURVEDA PARA TODOS LOS DIAS (NUEV;2.0;9789500215862;ya era ISBN-13
AMPLIACION - EDICIONES BAHIA SA 21233 28-09-2026 EL ATENEO.ods;EDICIONES BAHIA SA;21233;54;;;9789500215237.0;CABALLOS (NUEVO);2.0;9789500215237;ya era ISBN-13
AMPLIACION - EDICIONES BAHIA SA 21233 28-09-2026 EL ATENEO.ods;EDICIONES BAHIA SA;21233;55;;;9789500217361.0;COMO SE LO DIGO ? (NUEVO);2.0;9789500217361;ya era ISBN-13
AMPLIACION - EDICIONES BAHIA SA 21233 28-09-2026 EL ATENEO.ods;EDICIONES BAHIA SA;21233;56;;;9789500216128.0;CONSTELACIONES FAMILIARES (NUEVO);2.0;9789500216128;ya era ISBN-13
AMPLIACION - EDICIONES BAHIA SA 21233 28-09-2026 EL ATENEO.ods;EDICIONES BAHIA SA;21233;57;;;9789500216494.0;DE GASTADORA A INVERSORA (NUEVO);2.0;9789500216494;ya era ISBN-13
AMPLIACION - EDICIONES BAHIA SA 21233 28-09-2026 EL ATENEO.ods;EDICIONES BAHIA SA;21233;58;;;9789500218047.0;EL PRINCIPITO (NUEVO);2.0;9789500218047;ya era ISBN-13
AMPLIACION - EDICIONES BAHIA SA 21233 28-09-2026 EL ATENEO.ods;EDICIONES BAHIA SA;21233;59;;;9789500216951.0;EXPLOREMOS LA CASA / EXPLORING THE;2.0;9789500216951;ya era ISBN-13
AMPLIACION - EDICIONES BAHIA SA 21233 28-09-2026 EL ATENEO.ods;EDICIONES BAHIA SA;21233;60;;;9789500217897.0;GIMNASIA MENTAL - ENIGMAS Y ASOCIA;2.0;9789500217897;ya era ISBN-13
AMPLIACION - EDICIONES BAHIA SA 21233 28-09-2026 EL ATENEO.ods;EDICIONES BAHIA SA;21233;61;;;9789500217019.0;HOLA , BEBE - MI MUNDO (NUEVO);2.0;9789500217019;ya era ISBN-13
AMPLIACION - EDICIONES BAHIA SA 21233 28-09-2026 EL ATENEO.ods;EDICIONES BAHIA SA;21233;62;;;9789500215879.0;TERAPEUTICA ALIMENTARIA NUTRICIONA;2.0;9789500215879;ya era ISBN-13
AMPLIACION - EDICIONES BAHIA SA 21233 28-09-2026 EL ATENEO.ods;EDICIONES BAHIA SA;21233;63;;;9789500213578.0;VOY A COMPARTIR (NUEVO);2.0;9789500213578;ya era ISBN-13
AMPLIACION - EDICIONES BAHIA SA 21233 28-09-2026 EL ATENEO.ods;EDICIONES BAHIA SA;21233;64;;;9789500216678.0;100 HISTORIAS DE LA BIBLIA (NUEVO);2.0;9789500216678;ya era ISBN-13
AMPLIACION - EDICIONES BAHIA SA 21233 28-09-2026 EL ATENEO.ods;EDICIONES BAHIA SA;21233;65;;;9789500216388.0;LA METAMORFOSIS (NUEVO);2.0;9789500216388;ya era ISBN-13
AMPLIACION - EDICIONES BAHIA SA 21233 28-09-2026 EL ATENEO.ods;EDICIONES BAHIA SA;21233;66;;;9789500216531.0;MANTOS (NUEVO);2.0;9789500216531;ya era ISBN-13
AMPLIACION - EDICIONES BAHIA SA 21233 28-09-2026 EL ATENEO.ods;EDICIONES BAHIA SA;21233;67;;;9789500212205.0;MESSI EL GENIO COMPLETO (NUEVO);2.0;9789500212205;ya era ISBN-13
AMPLIACION - EDICIONES BAHIA SA 21233 28-09-2026 EL ATENEO.ods;EDICIONES BAHIA SA;21233;68;;;9789500216296.0;VOY A TENER UN HERMANITO (RUSTICA);2.0;9789500216296;ya era ISBN-13
AMPLIACION - EDICIONES BAHIA SA 21233 28-09-2026 EL ATENEO.ods;EDICIONES BAHIA SA;21233;69;;;9789500216180.0;400 PREGUNTAS Y RESPUESTAS SOBRE F;1.0;9789500216180;ya era ISBN-13
AMPLIACION - EDICIONES BAHIA SA 21233 28-09-2026 EL ATENEO.ods;EDICIONES BAHIA SA;21233;70;;;9789500212847.0;A OTRO LUGAR (NUEVO);1.0;9789500212847;ya era ISBN-13
AMPLIACION - EDICIONES BAHIA SA 21233 28-09-2026 EL ATENEO.ods;EDICIONES BAHIA SA;21233;71;;;9789500299572.0;AGATHA Y LA OSCURIDAD (NUEVO);1.0;9789500299572;ya era ISBN-13
AMPLIACION - EDICIONES BAHIA SA 21233 28-09-2026 EL ATENEO.ods;EDICIONES BAHIA SA;21233;72;;;9789500206174.0;HISTORIA DE LAS ELECCIONES EN LA A;1.0;9789500209052;ya era ISBN-13
AMPLIACION - EDICIONES BAHIA SA 21233 28-09-2026 EL ATENEO.ods;EDICIONES BAHIA SA;21233;73;;;9789500209229.0;LOS BORGIA (NUEVO);1.0;9789500209229;ya era ISBN-13
AMPLIACION - EDICIONES BAHIA SA 21233 28-09-2026 EL ATENEO.ods;EDICIONES BAHIA SA;21233;74;;;9789500211796.0;SECUENCIAS DIDACTICAS - 30 PREGUNT;1.0;9789500211796;ya era ISBN-13
AMPLIACION - EDICIONES BAHIA SA 21233 28-09-2026 EL ATENEO.ods;EDICIONES BAHIA SA;21233;75;;;9789500209830.0;SUPER NATURALEZA - SOBRE LOS ARBOL;1.0;9789500209830;ya era ISBN-13
AMPLIACION - FERNANDA DIAZ 23709 28-09-2026 EL ATENEO.xls;FERNANDA DIAZ;23709;2;23709;692882.0;9789500212489;CUENTOS CORTOS PARA SOÑAR 5;1.0;9789500212489;ya era ISBN-13
AMPLIACION - FERNANDA DIAZ 23709 28-09-2026 EL ATENEO.xls;FERNANDA DIAZ;23709;3;23709;719962.0;9789500215466;SERAS TAN FELIZ COMO INSISTAS;2.0;9789500215466;ya era ISBN-13
AMPLIACION - FERNANDA DIAZ 23709 28-09-2026 EL ATENEO.xls;FERNANDA DIAZ;23709;4;23709;737450.0;9789500216371;ARTE DE LA GUERRA, EL;2.0;9789500216371;ya era ISBN-13
AMPLIACION - FERNANDA DIAZ 23709 28-09-2026 EL ATENEO.xls;FERNANDA DIAZ;23709;5;23709;747600.0;9789500217880;GIMNASIA MENTAL: JUEGOS DE LOGICA;2.0;9789500217880;ya era ISBN-13
AMPLIACION - FERNANDA DIAZ 23709 28-09-2026 EL ATENEO.xls;FERNANDA DIAZ;23709;6;23709;747599.0;9789500217897;GIMNASIA MENTAL: ENIGMAS Y ASOCIACIONES;2.0;9789500217897;ya era ISBN-13
AMPLIACION - FERNANDA DIAZ 23709 28-09-2026 EL ATENEO.xls;FERNANDA DIAZ;23709;7;23709;748666.0;9789500218016;EDAD QUE ELEGIMOS, LA;2.0;9789500218016;ya era ISBN-13
AMPLIACION - FERNANDA DIAZ 23709 28-09-2026 EL ATENEO.xls;FERNANDA DIAZ;23709;8;23709;698861.0;9789500213189;CUENTOS CORTOS PARA SOÑAR 6;2.0;9789500213189;ya era ISBN-13
AMPLIACION - FILIPPI 24046 28-09-2026 EL ATENEO.xls;FILIPPI;24046;2;24046;671443.0;9789500210317;TEO Y ANA INVESTIGAN LA ARGENTINA;1.0;9789500210317;ya era ISBN-13
AMPLIACION - FILIPPI 24046 28-09-2026 EL ATENEO.xls;FILIPPI;24046;3;24046;707950.0;9789500213936;TEO Y ANA INVESTIGAN LOS DEPORTES;1.0;9789500213936;ya era ISBN-13
AMPLIACION - FILIPPI 24046 28-09-2026 EL ATENEO.xls;FILIPPI;24046;4;24046;717945.0;9789500215237;CABALLOS;2.0;9789500215237;ya era ISBN-13
AMPLIACION - FILIPPI 24046 28-09-2026 EL ATENEO.xls;FILIPPI;24046;5;24046;722614.0;9789500215619;SANGRE QUE HEREDAMOS, LA;2.0;9789500215619;ya era ISBN-13
AMPLIACION - FILIPPI 24046 28-09-2026 EL ATENEO.xls;FILIPPI;24046;6;24046;687426.0;9789500212137;VOY A TENER UN HERMANITO;2.0;9789500212137;ya era ISBN-13
AMPLIACION - FILIPPI 24046 28-09-2026 EL ATENEO.xls;FILIPPI;24046;7;24046;715420.0;9789500215077;SE TU PROPIO CEO;3.0;9789500215077;ya era ISBN-13
AMPLIACION - FIORI 21059 28-09-2026 EL ATENEO.xls;FIORI;21059;2;21059;744139.0;9789500217019;HOLA, BEBE. MI MUNDO;1.0;9789500217019;ya era ISBN-13
AMPLIACION - FIORI 21059 28-09-2026 EL ATENEO.xls;FIORI;21059;3;21059;748670.0;9789500218047;PRINCIPITO, EL;1.0;9789500218047;ya era ISBN-13
AMPLIACION - FIORI 21059 28-09-2026 EL ATENEO.xls;FIORI;21059;4;21059;747646.0;9789500217026;STICKERS MAGICOS DINOSAURIOS;1.0;9789500217026;ya era ISBN-13
AMPLIACION - FIORI 21059 28-09-2026 EL ATENEO.xls;FIORI;21059;5;21059;729381.0;9789500216265;VACA DE LA AMISTAD NOS HABLA, LA;1.0;9789500216265;ya era ISBN-13
AMPLIACION - FIORI 21059 28-09-2026 EL ATENEO.xls;FIORI;21059;6;21059;725696.0;9789500215909;VENDETE ANTES DE VENDER;1.0;9789500215909;ya era ISBN-13
AMPLIACION - FIORI 21059 28-09-2026 EL ATENEO.xls;FIORI;21059;7;21059;748667.0;9789500218078;VOLVER A CREER;1.0;9789500218078;ya era ISBN-13
AMPLIACION - FIORI 21059 28-09-2026 EL ATENEO.xls;FIORI;21059;8;21059;741979.0;9789500216814;AMIGOS DE LA GRANJA;2.0;9789500216814;ya era ISBN-13
AMPLIACION - FIORI 21059 28-09-2026 EL ATENEO.xls;FIORI;21059;9;21059;731835.0;9789500216036;ANIMALES CON SUPERPODERES;2.0;9789500216036;ya era ISBN-13
AMPLIACION - FIORI 21059 28-09-2026 EL ATENEO.xls;FIORI;21059;10;21059;748666.0;9789500218016;EDAD QUE ELEGIMOS, LA;2.0;9789500218016;ya era ISBN-13
AMPLIACION - FIORI 21059 28-09-2026 EL ATENEO.xls;FIORI;21059;11;21059;747647.0;9789500217033;STICKERS MAGICOS: GRANJA;2.0;9789500217033;ya era ISBN-13
AMPLIACION - FIORI 21059 28-09-2026 EL ATENEO.xls;FIORI;21059;12;21059;709130.0;9789500214117;VACA SE EMPACA, LA - 2DA EDICION TR;2.0;9789500214117;ya era ISBN-13
AMPLIACION - FIORI 21059 28-09-2026 EL ATENEO.xls;FIORI;21059;13;21059;743068.0;9789500217460;VACA VA A SER HERMANA, LA;2.0;9789500217460;ya era ISBN-13
AMPLIACION - FIORI 21059 28-09-2026 EL ATENEO.xls;FIORI;21059;14;21059;747642.0;9789500217064;PEQUEÑOS LIBROS - LITTLE BOOKS;3.0;9789500217064;ya era ISBN-13
AMPLIACION - FIORI 21059 28-09-2026 EL ATENEO.xls;FIORI;21059;15;21059;747645.0;9789500217040;DINO, ¿POR QUE ESTAS TRISTE?;3.0;9789500217040;ya era ISBN-13
AMPLIACION - FIORI 21059 28-09-2026 EL ATENEO.xls;FIORI;21059;16;21059;737041.0;9789500216357;QUIEN ESTA AHI? EN LA SELVA;3.0;9789500216357;ya era ISBN-13
AMPLIACION - GESUALDI 24135 28-09-2026 EL ATENEO.xls;GESUALDI;24135;2;24135;741979.0;9789500216814;AMIGOS DE LA GRANJA;1.0;9789500216814;ya era ISBN-13
AMPLIACION - GESUALDI 24135 28-09-2026 EL ATENEO.xls;GESUALDI;24135;3;24135;694755.0;9789500212731;CUENTOS CORTOS PARA PINTAR;1.0;9789500212731;ya era ISBN-13
AMPLIACION - GESUALDI 24135 28-09-2026 EL ATENEO.xls;GESUALDI;24135;4;24135;744136.0;9789500217644;ENREDOS DEL CORAZON;1.0;9789500217644;ya era ISBN-13
AMPLIACION - GESUALDI 24135 28-09-2026 EL ATENEO.xls;GESUALDI;24135;5;24135;735112.0;9789500216784;MEDIANOCHE DEL ALMA, LA;1.0;9789500216784;ya era ISBN-13
AMPLIACION - GESUALDI 24135 28-09-2026 EL ATENEO.xls;GESUALDI;24135;6;24135;715419.0;9789500215015;MEDITACIONES;1.0;9789500215015;ya era ISBN-13
AMPLIACION - GESUALDI 24135 28-09-2026 EL ATENEO.xls;GESUALDI;24135;7;24135;747646.0;9789500217026;STICKERS MAGICOS DINOSAURIOS;1.0;9789500217026;ya era ISBN-13
AMPLIACION - GESUALDI 24135 28-09-2026 EL ATENEO.xls;GESUALDI;24135;8;24135;709130.0;9789500214117;VACA SE EMPACA, LA - 2DA EDICION TR;1.0;9789500214117;ya era ISBN-13
AMPLIACION - GESUALDI 24135 28-09-2026 EL ATENEO.xls;GESUALDI;24135;9;24135;709129.0;9789500214100;VACA SUS MIEDOS ATACA, LA - 2DA. EDICION TR;1.0;9789500214100;ya era ISBN-13
AMPLIACION - GESUALDI 24135 28-09-2026 EL ATENEO.xls;GESUALDI;24135;10;24135;732486.0;9789500215893;¡ACA ESTOY! VAQUITA;2.0;9789500215893;ya era ISBN-13
AMPLIACION - GESUALDI 24135 28-09-2026 EL ATENEO.xls;GESUALDI;24135;11;24135;668113.0;9789500210157;CUENTOS CORTOS PARA SOÑAR;2.0;9789500210157;ya era ISBN-13
AMPLIACION - GESUALDI 24135 28-09-2026 EL ATENEO.xls;GESUALDI;24135;12;24135;673647.0;9789500210416;CUENTOS CORTOS PARA SOÑAR 2;2.0;9789500210416;ya era ISBN-13
AMPLIACION - GESUALDI 24135 28-09-2026 EL ATENEO.xls;GESUALDI;24135;13;24135;706239.0;9789500213790;EMOCIONES DE INTI, LAS;2.0;9789500213790;ya era ISBN-13
AMPLIACION - GESUALDI 24135 28-09-2026 EL ATENEO.xls;GESUALDI;24135;14;24135;729381.0;9789500216265;VACA DE LA AMISTAD NOS HABLA, LA;2.0;9789500216265;ya era ISBN-13
AMPLIACION - GESUALDI 24135 28-09-2026 EL ATENEO.xls;GESUALDI;24135;15;24135;747645.0;9789500217040;DINO, ¿POR QUE ESTAS TRISTE?;2.0;9789500217040;ya era ISBN-13
AMPLIACION - GESUALDI 24135 28-09-2026 EL ATENEO.xls;GESUALDI;24135;16;24135;737019.0;9789500216890;INTI Y EL CELULAR;2.0;9789500216890;ya era ISBN-13
AMPLIACION - GESUALDI 24135 28-09-2026 EL ATENEO.xls;GESUALDI;24135;17;24135;743067.0;9789500217507;MANUAL DE VIDA;2.0;9789500217507;ya era ISBN-13
AMPLIACION - GESUALDI 24135 28-09-2026 EL ATENEO.xls;GESUALDI;24135;18;24135;747643.0;9789500217057;GATITO, ¿POR QUE ESTAS ENOJADO?;2.0;9789500217057;ya era ISBN-13
AMPLIACION - GOMEZ 24000 28-09-2026 EL ATENEO.xls;GOMEZ;24000;2;24000;748670.0;9789500218047;PRINCIPITO, EL;1.0;9789500218047;ya era ISBN-13
AMPLIACION - GOMEZ 24000 28-09-2026 EL ATENEO.xls;GOMEZ;24000;3;24000;719962.0;9789500215466;SERAS TAN FELIZ COMO INSISTAS;1.0;9789500215466;ya era ISBN-13
AMPLIACION - GOMEZ 24000 28-09-2026 EL ATENEO.xls;GOMEZ;24000;4;24000;734150.0;9789500216708;MAGIA DE IVY, LA;2.0;9789500216708;ya era ISBN-13
AMPLIACION - GOMEZ 24000 28-09-2026 EL ATENEO.xls;GOMEZ;24000;5;24000;647074.0;9789500209342;MEJORES CUENTOS DE MISTERIO, LOS;2.0;9789500209342;ya era ISBN-13
AMPLIACION - GOMEZ 24000 28-09-2026 EL ATENEO.xls;GOMEZ;24000;6;24000;742445.0;9789500216777;PEQUEÑOS PASOS: MIS ANIMALES;2.0;9789500216777;ya era ISBN-13
AMPLIACION - GOMEZ 24000 28-09-2026 EL ATENEO.xls;GOMEZ;24000;7;24000;747647.0;9789500217033;STICKERS MAGICOS: GRANJA;2.0;9789500217033;ya era ISBN-13
AMPLIACION - GOMEZ 24000 28-09-2026 EL ATENEO.xls;GOMEZ;24000;8;24000;702718.0;9789500213196;TEO Y ANA INVESTIGAN EL TERROR;2.0;9789500213196;ya era ISBN-13
AMPLIACION - GOMEZ 24000 28-09-2026 EL ATENEO.xls;GOMEZ;24000;9;24000;673647.0;9789500210416;CUENTOS CORTOS PARA SOÑAR 2;2.0;9789500210416;ya era ISBN-13
AMPLIACION - IDEALIBRO SRL 22077 28-09-2026 EL ATENEO.xls;IDEALIBRO SRL;22077;2;22077;741979.0;9789500216814;AMIGOS DE LA GRANJA;1.0;9789500216814;ya era ISBN-13
AMPLIACION - IDEALIBRO SRL 22077 28-09-2026 EL ATENEO.xls;IDEALIBRO SRL;22077;3;22077;741981.0;9789500216807;AMIGOS DEL BOSQUE;1.0;9789500216807;ya era ISBN-13
AMPLIACION - IDEALIBRO SRL 22077 28-09-2026 EL ATENEO.xls;IDEALIBRO SRL;22077;4;22077;740173.0;9789500216517;BENJAMIN EN EL JARDIN;1.0;9789500216517;ya era ISBN-13
AMPLIACION - IDEALIBRO SRL 22077 28-09-2026 EL ATENEO.xls;IDEALIBRO SRL;22077;5;22077;734148.0;9789500216616;CASA DEL COCTEL ROJO, LA;1.0;9789500216616;ya era ISBN-13
AMPLIACION - IDEALIBRO SRL 22077 28-09-2026 EL ATENEO.xls;IDEALIBRO SRL;22077;6;22077;706239.0;9789500213790;EMOCIONES DE INTI, LAS;1.0;9789500213790;ya era ISBN-13
AMPLIACION - IDEALIBRO SRL 22077 28-09-2026 EL ATENEO.xls;IDEALIBRO SRL;22077;7;22077;702980.0;9789500213400;TU AMIGO INVISIBLE;1.0;9789500213400;ya era ISBN-13
AMPLIACION - IDEALIBRO SRL 22077 28-09-2026 EL ATENEO.xls;IDEALIBRO SRL;22077;8;22077;743068.0;9789500217460;VACA VA A SER HERMANA, LA;1.0;9789500217460;ya era ISBN-13
AMPLIACION - IDEALIBRO SRL 22077 28-09-2026 EL ATENEO.xls;IDEALIBRO SRL;22077;9;22077;704434.0;9789500213585;SECRETO DE COMPOSTELA, EL;2.0;9789500213585;ya era ISBN-13
AMPLIACION - IDEALIBRO SRL 22077 28-09-2026 EL ATENEO.xls;IDEALIBRO SRL;22077;10;22077;747646.0;9789500217026;STICKERS MAGICOS DINOSAURIOS;2.0;9789500217026;ya era ISBN-13
AMPLIACION - IDEALIBRO SRL 22077 28-09-2026 EL ATENEO.xls;IDEALIBRO SRL;22077;11;22077;745992.0;9789500217767;SUPERCUENTOS DE GOL;2.0;9789500217767;ya era ISBN-13
AMPLIACION - IDEALIBRO SRL 22077 28-09-2026 EL ATENEO.xls;IDEALIBRO SRL;22077;12;22077;709895.0;9789500214193;MEMORIA DEL MAL, LA;2.0;9789500214193;ya era ISBN-13
AMPLIACION - IDEALIBRO SRL 22077 28-09-2026 EL ATENEO.xls;IDEALIBRO SRL;22077;13;22077;744136.0;9789500217644;ENREDOS DEL CORAZON;3.0;9789500217644;ya era ISBN-13
AMPLIACION - JORGE BOHM 21311 28-09-2026 EL ATENEO.xls;JORGE BOHM;21311;2;21311;647011.0;9789500209564;MITOLOGIA GRIEGA Y ROMANA;1.0;9789500209564;ya era ISBN-13
AMPLIACION - JORGE BOHM 21311 28-09-2026 EL ATENEO.xls;JORGE BOHM;21311;3;21311;728159.0;9789500216142;PREGUNTON. ENCICLOPEDIA DE LA ARGENTINA, EL;1.0;9789500216142;ya era ISBN-13
AMPLIACION - JORGE BOHM 21311 28-09-2026 EL ATENEO.xls;JORGE BOHM;21311;4;21311;744138.0;9789500217613;BANDERAS DEL MUNDO;2.0;9789500217613;ya era ISBN-13
AMPLIACION - JORGE BOHM 21311 28-09-2026 EL ATENEO.xls;JORGE BOHM;21311;5;21311;741692.0;9789500217385;PENSAR DE NUEVO;2.0;9789500217385;ya era ISBN-13
AMPLIACION - JORGE BOHM 21311 28-09-2026 EL ATENEO.xls;JORGE BOHM;21311;6;;;9789500215466;SERAS TAN FELIZ COMO INSISTAS;3.0;9789500215466;ya era ISBN-13
AMPLIACION - KESSLER 23913 28-09-2026 EL ATENEO HECHO.xls;KESSLER;23913;2;23913;747643.0;9789500217057;GATITO, ¿POR QUE ESTAS ENOJADO?;1.0;9789500217057;ya era ISBN-13
AMPLIACION - KESSLER 23913 28-09-2026 EL ATENEO HECHO.xls;KESSLER;23913;3;23913;747599.0;9789500217897;GIMNASIA MENTAL: ENIGMAS Y ASOCIACIONES;1.0;9789500217897;ya era ISBN-13
AMPLIACION - KESSLER 23913 28-09-2026 EL ATENEO HECHO.xls;KESSLER;23913;4;23913;734395.0;9789500216043;JUEGO Y APRENDO! DINOSAURIOS;1.0;9789500216043;ya era ISBN-13
AMPLIACION - KESSLER 23913 28-09-2026 EL ATENEO HECHO.xls;KESSLER;23913;5;23913;742445.0;9789500216777;PEQUEÑOS PASOS: MIS ANIMALES;1.0;9789500216777;ya era ISBN-13
AMPLIACION - KESSLER 23913 28-09-2026 EL ATENEO HECHO.xls;KESSLER;23913;6;23913;718921.0;9789500215428;YO, DISLEXICA;1.0;9789500215428;ya era ISBN-13
AMPLIACION - LECTURAS SRL 21947 28-09-2026 EL ATENEO.xls;LECTURAS SRL;21947;2;21947;737808.0;9789500216449;APRENDO A LEER LAS PALABRAS;1.0;9789500216449;ya era ISBN-13
AMPLIACION - LECTURAS SRL 21947 28-09-2026 EL ATENEO.xls;LECTURAS SRL;21947;3;21947;707948.0;9789500213998;VACA NO SE CALLA, LA - TR;1.0;9789500213998;ya era ISBN-13
AMPLIACION - LECTURAS SRL 21947 28-09-2026 EL ATENEO.xls;LECTURAS SRL;21947;4;21947;743068.0;9789500217460;VACA VA A SER HERMANA, LA;1.0;9789500217460;ya era ISBN-13
AMPLIACION - LECTURAS SRL 21947 28-09-2026 EL ATENEO.xls;LECTURAS SRL;21947;5;21947;747596.0;9789500217859;VENDER ES PODER;1.0;9789500217859;ya era ISBN-13
AMPLIACION - LECTURAS SRL 21947 28-09-2026 EL ATENEO.xls;LECTURAS SRL;21947;6;21947;747595.0;9789500217866;AMARANTIA;2.0;9789500217866;ya era ISBN-13
AMPLIACION - LECTURAS SRL 21947 28-09-2026 EL ATENEO.xls;LECTURAS SRL;21947;7;21947;678281.0;9789500211178;CUENTOS CORTOS PARA SOÑAR 3;2.0;9789500211178;ya era ISBN-13
AMPLIACION - LECTURAS SRL 21947 28-09-2026 EL ATENEO.xls;LECTURAS SRL;21947;8;21947;698861.0;9789500213189;CUENTOS CORTOS PARA SOÑAR 6;2.0;9789500213189;ya era ISBN-13
AMPLIACION - LECTURAS SRL 21947 28-09-2026 EL ATENEO.xls;LECTURAS SRL;21947;9;21947;747645.0;9789500217040;DINO, ¿POR QUE ESTAS TRISTE?;2.0;9789500217040;ya era ISBN-13
AMPLIACION - LECTURAS SRL 21947 28-09-2026 EL ATENEO.xls;LECTURAS SRL;21947;10;21947;747643.0;9789500217057;GATITO, ¿POR QUE ESTAS ENOJADO?;2.0;9789500217057;ya era ISBN-13
AMPLIACION - LECTURAS SRL 21947 28-09-2026 EL ATENEO.xls;LECTURAS SRL;21947;11;21947;714679.0;9789500214995;VACA EN SU HAMACA, LA - TR;2.0;9789500214995;ya era ISBN-13
AMPLIACION - LECTURAS SRL 21947 28-09-2026 EL ATENEO.xls;LECTURAS SRL;21947;12;21947;717945.0;9789500215237;CABALLOS;3.0;9789500215237;ya era ISBN-13
AMPLIACION - LEVRA 21377 28-09-2026 EL ATENEO.xls;LEVRA;21377;2;21377;741979.0;9789500216814;AMIGOS DE LA GRANJA;1.0;9789500216814;ya era ISBN-13
AMPLIACION - LEVRA 21377 28-09-2026 EL ATENEO.xls;LEVRA;21377;3;21377;737019.0;9789500216890;INTI Y EL CELULAR;1.0;9789500216890;ya era ISBN-13
AMPLIACION - LEVRA 21377 28-09-2026 EL ATENEO.xls;LEVRA;21377;4;21377;734395.0;9789500216043;JUEGO Y APRENDO! DINOSAURIOS;1.0;9789500216043;ya era ISBN-13
AMPLIACION - LEVRA 21377 28-09-2026 EL ATENEO.xls;LEVRA;21377;5;21377;734150.0;9789500216708;MAGIA DE IVY, LA;1.0;9789500216708;ya era ISBN-13
AMPLIACION - LEVRA 21377 28-09-2026 EL ATENEO.xls;LEVRA;21377;6;21377;737014.0;9789500216883;PATAGONIA;1.0;9789500216883;ya era ISBN-13
AMPLIACION - LEVRA 21377 28-09-2026 EL ATENEO.xls;LEVRA;21377;7;21377;741697.0;9789500217316;THE BLOOD WE INHERIT;1.0;9789500217316;ya era ISBN-13
AMPLIACION - LEVRA 21377 28-09-2026 EL ATENEO.xls;LEVRA;21377;8;21377;725696.0;9789500215909;VENDETE ANTES DE VENDER;1.0;9789500215909;ya era ISBN-13
AMPLIACION - LEVRA 21377 28-09-2026 EL ATENEO.xls;LEVRA;21377;9;21377;747643.0;9789500217057;GATITO, ¿POR QUE ESTAS ENOJADO?;1.0;9789500217057;ya era ISBN-13
AMPLIACION - LEVRA 21377 28-09-2026 EL ATENEO.xls;LEVRA;21377;10;21377;734151.0;9789500216685;BIBLIA DE LOS NIÑOS, LA;2.0;9789500216685;ya era ISBN-13
AMPLIACION - LEVRA 21377 28-09-2026 EL ATENEO.xls;LEVRA;21377;11;21377;747599.0;9789500217897;GIMNASIA MENTAL: ENIGMAS Y ASOCIACIONES;2.0;9789500217897;ya era ISBN-13
AMPLIACION - LEVRA 21377 28-09-2026 EL ATENEO.xls;LEVRA;21377;12;21377;745988.0;9789500217729;LEGION SECRETA DEL SUR, LA;2.0;9789500217729;ya era ISBN-13
AMPLIACION - LEVRA 21377 28-09-2026 EL ATENEO.xls;LEVRA;21377;13;21377;745992.0;9789500217767;SUPERCUENTOS DE GOL;2.0;9789500217767;ya era ISBN-13
AMPLIACION - LEVRA 21377 28-09-2026 EL ATENEO.xls;LEVRA;21377;14;21377;743067.0;9789500217507;MANUAL DE VIDA;2.0;9789500217507;ya era ISBN-13
AMPLIACION - LEVRA 21377 28-09-2026 EL ATENEO.xls;LEVRA;21377;15;21377;679310.0;9789500211307;PRINCIPITO, EL;2.0;9789500211307;ya era ISBN-13
AMPLIACION - LIBROS QUIJOTE SRL 22280 28-09-2026 EL ATENEO.xls;LIBROS QUIJOTE SRL;22280;2;22280;726373.0;9789500215350;APRENDO A LEER LAS LETRAS;1.0;9789500215350;ya era ISBN-13
AMPLIACION - LIBROS QUIJOTE SRL 22280 28-09-2026 EL ATENEO.xls;LIBROS QUIJOTE SRL;22280;3;22280;726374.0;9789500215367;APRENDO A LEER LAS SILABAS;1.0;9789500215367;ya era ISBN-13
AMPLIACION - LIBROS QUIJOTE SRL 22280 28-09-2026 EL ATENEO.xls;LIBROS QUIJOTE SRL;22280;4;22280;740173.0;9789500216517;BENJAMIN EN EL JARDIN;1.0;9789500216517;ya era ISBN-13
AMPLIACION - LIBROS QUIJOTE SRL 22280 28-09-2026 EL ATENEO.xls;LIBROS QUIJOTE SRL;22280;5;22280;741701.0;9789500217392;PREGUNTON, EL: ENCICLOPEDIA DE LOS ANIMALES;1.0;9789500217392;ya era ISBN-13
AMPLIACION - LIBROS QUIJOTE SRL 22280 28-09-2026 EL ATENEO.xls;LIBROS QUIJOTE SRL;22280;6;22280;740175.0;9789500216524;RENATA EN LA GRANJA;1.0;9789500216524;ya era ISBN-13
AMPLIACION - LIBROS QUIJOTE SRL 22280 28-09-2026 EL ATENEO.xls;LIBROS QUIJOTE SRL;22280;7;22280;729381.0;9789500216265;VACA DE LA AMISTAD NOS HABLA, LA;1.0;9789500216265;ya era ISBN-13
AMPLIACION - LIBROS QUIJOTE SRL 22280 28-09-2026 EL ATENEO.xls;LIBROS QUIJOTE SRL;22280;8;22280;717942.0;9789500215343;VOY AL BAÑO - TR;1.0;9789500215343;ya era ISBN-13
AMPLIACION - LIBROS QUIJOTE SRL 22280 28-09-2026 EL ATENEO.xls;LIBROS QUIJOTE SRL;22280;9;22280;747597.0;9789500217873;CIUDADES AZULES;2.0;9789500217873;ya era ISBN-13
AMPLIACION - LIBROS QUIJOTE SRL 22280 28-09-2026 EL ATENEO.xls;LIBROS QUIJOTE SRL;22280;10;22280;706238.0;9789500213806;PREGUNTON. ENCICLOPEDIA DEL MUNDO, EL;2.0;9789500213806;ya era ISBN-13
AMPLIACION - LIBROS QUIJOTE SRL 22280 28-09-2026 EL ATENEO.xls;LIBROS QUIJOTE SRL;22280;11;22280;686345.0;9789500209472;PREGUNTON: ENCICLOPEDIA DEL ESPACIO, EL;2.0;9789500209472;ya era ISBN-13
AMPLIACION - LIBROS QUIJOTE SRL 22280 28-09-2026 EL ATENEO.xls;LIBROS QUIJOTE SRL;22280;12;22280;745992.0;9789500217767;SUPERCUENTOS DE GOL;2.0;9789500217767;ya era ISBN-13
AMPLIACION - LIBROS QUIJOTE SRL 22280 28-09-2026 EL ATENEO.xls;LIBROS QUIJOTE SRL;22280;13;22280;671443.0;9789500210317;TEO Y ANA INVESTIGAN LA ARGENTINA;2.0;9789500210317;ya era ISBN-13
AMPLIACION - LIBROS QUIJOTE SRL 22280 28-09-2026 EL ATENEO.xls;LIBROS QUIJOTE SRL;22280;14;22280;737019.0;9789500216890;INTI Y EL CELULAR;3.0;9789500216890;ya era ISBN-13
AMPLIACION - LIBROS QUIJOTE SRL 22280 28-09-2026 EL ATENEO.xls;LIBROS QUIJOTE SRL;22280;15;22280;747599.0;9789500217897;GIMNASIA MENTAL: ENIGMAS Y ASOCIACIONES;4.0;9789500217897;ya era ISBN-13
AMPLIACION - LOBATO 21892 28-09-2026 EL ATENEO.xls;LOBATO;21892;2;21892;747643.0;9789500217057;GATITO, ¿POR QUE ESTAS ENOJADO?;1.0;9789500217057;ya era ISBN-13
AMPLIACION - LOBATO 21892 28-09-2026 EL ATENEO.xls;LOBATO;21892;3;21892;728655.0;9789500216203;SEÑORA DE LAS INDIAS;1.0;9789500216203;ya era ISBN-13
AMPLIACION - LOBATO 21892 28-09-2026 EL ATENEO.xls;LOBATO;21892;4;21892;711851.0;9789500214537;400 PREGUNTAS Y RESPUESTAS SOBRE FUTBOL;2.0;9789500214537;ya era ISBN-13
AMPLIACION - LOBATO 21892 28-09-2026 EL ATENEO.xls;LOBATO;21892;5;21892;747642.0;9789500217064;PEQUEÑOS LIBROS - LITTLE BOOKS;2.0;9789500217064;ya era ISBN-13
AMPLIACION - LOBATO 21892 28-09-2026 EL ATENEO.xls;LOBATO;21892;6;21892;743067.0;9789500217507;MANUAL DE VIDA;3.0;9789500217507;ya era ISBN-13
AMPLIACION - MARINELLI SA 20082 28-09-2026 EL ATENEO.xls;MARINELLI SA;20082;2;20082;741979.0;9789500216814;AMIGOS DE LA GRANJA;1.0;9789500216814;ya era ISBN-13
AMPLIACION - MARINELLI SA 20082 28-09-2026 EL ATENEO.xls;MARINELLI SA;20082;3;20082;745994.0;9789500217804;CARPINCHOS AVENTUREROS;1.0;9789500217804;ya era ISBN-13
AMPLIACION - MARINELLI SA 20082 28-09-2026 EL ATENEO.xls;MARINELLI SA;20082;4;20082;673647.0;9789500210416;CUENTOS CORTOS PARA SOÑAR 2;1.0;9789500210416;ya era ISBN-13
AMPLIACION - MARINELLI SA 20082 28-09-2026 EL ATENEO.xls;MARINELLI SA;20082;5;20082;685401.0;9789500211925;CUENTOS CORTOS PARA SOÑAR 4;1.0;9789500211925;ya era ISBN-13
AMPLIACION - MARINELLI SA 20082 28-09-2026 EL ATENEO.xls;MARINELLI SA;20082;6;20082;748670.0;9789500218047;PRINCIPITO, EL;1.0;9789500218047;ya era ISBN-13
AMPLIACION - MARINELLI SA 20082 28-09-2026 EL ATENEO.xls;MARINELLI SA;20082;7;20082;714592.0;9789500214964;SERAPIO VA A LA ESCUELA;1.0;9789500214964;ya era ISBN-13
AMPLIACION - MARINELLI SA 20082 28-09-2026 EL ATENEO.xls;MARINELLI SA;20082;8;20082;748668.0;9789500218023;TAO TE CHING.  (ED. POCKET);1.0;9789500218023;ya era ISBN-13
AMPLIACION - MARINELLI SA 20082 28-09-2026 EL ATENEO.xls;MARINELLI SA;20082;9;20082;747597.0;9789500217873;CIUDADES AZULES;2.0;9789500217873;ya era ISBN-13
AMPLIACION - MARINELLI SA 20082 28-09-2026 EL ATENEO.xls;MARINELLI SA;20082;10;20082;709129.0;9789500214100;VACA SUS MIEDOS ATACA, LA - 2DA. EDICION TR;2.0;9789500214100;ya era ISBN-13
AMPLIACION - MARINELLI SA 20082 28-09-2026 EL ATENEO.xls;MARINELLI SA;20082;11;20082;745990.0;9789500217750;ISIS;2.0;9789500217750;ya era ISBN-13
AMPLIACION - MARINELLI SA 20082 28-09-2026 EL ATENEO.xls;MARINELLI SA;20082;12;20082;740173.0;9789500216517;BENJAMIN EN EL JARDIN;3.0;9789500216517;ya era ISBN-13
AMPLIACION - MARINELLI SA 20082 28-09-2026 EL ATENEO.xls;MARINELLI SA;20082;13;20082;747599.0;9789500217897;GIMNASIA MENTAL: ENIGMAS Y ASOCIACIONES;4.0;9789500217897;ya era ISBN-13
AMPLIACION - MARINELLI SA 20082 28-09-2026 EL ATENEO.xls;MARINELLI SA;20082;14;20082;747600.0;9789500217880;GIMNASIA MENTAL: JUEGOS DE LOGICA;5.0;9789500217880;ya era ISBN-13
AMPLIACION - MARINELLI SA 20082 28-09-2026 EL ATENEO.xls;MARINELLI SA;20082;15;20082;392614.0;9789500253390;DICCIONARIO ESPAÑOL-INGLES ENGLISH-SPANISH;10.0;9789500253390;ya era ISBN-13
AMPLIACION - MASSARA 22264 28-09-2026 EL ATENEO.xls;MASSARA;22264;2;22264;741691.0;9789500217361;¿COMO SE LO DIGO?;1.0;9789500217361;ya era ISBN-13
AMPLIACION - MASSARA 22264 28-09-2026 EL ATENEO.xls;MASSARA;22264;3;22264;716994.0;9789500215190;APRENDER A ESTUDIAR;1.0;9789500215190;ya era ISBN-13
AMPLIACION - MASSARA 22264 28-09-2026 EL ATENEO.xls;MASSARA;22264;4;22264;726374.0;9789500215367;APRENDO A LEER LAS SILABAS;1.0;9789500215367;ya era ISBN-13
AMPLIACION - MASSARA 22264 28-09-2026 EL ATENEO.xls;MASSARA;22264;5;22264;668113.0;9789500210157;CUENTOS CORTOS PARA SOÑAR;1.0;9789500210157;ya era ISBN-13
AMPLIACION - MASSARA 22264 28-09-2026 EL ATENEO.xls;MASSARA;22264;6;22264;728157.0;9789500216074;CUENTOS DE AMOR PROPIO - TD;1.0;9789500216074;ya era ISBN-13
AMPLIACION - MASSARA 22264 28-09-2026 EL ATENEO.xls;MASSARA;22264;7;22264;707255.0;9789500213776;MINICUENTOS DE INVIERNO;1.0;9789500213776;ya era ISBN-13
AMPLIACION - MASSARA 22264 28-09-2026 EL ATENEO.xls;MASSARA;22264;8;22264;748670.0;9789500218047;PRINCIPITO, EL;1.0;9789500218047;ya era ISBN-13
AMPLIACION - MASSARA 22264 28-09-2026 EL ATENEO.xls;MASSARA;22264;9;22264;735114.0;9789500216227;SUPER UNICORNIOS: MUNDO MAGICO;1.0;9789500216227;ya era ISBN-13
AMPLIACION - MASSARA 22264 28-09-2026 EL ATENEO.xls;MASSARA;22264;10;22264;714679.0;9789500214995;VACA EN SU HAMACA, LA - TR;1.0;9789500214995;ya era ISBN-13
AMPLIACION - MASSARA 22264 28-09-2026 EL ATENEO.xls;MASSARA;22264;11;22264;622049.0;9789500299503;WINSTON CHURCHILL;1.0;9789500299503;ya era ISBN-13
AMPLIACION - MASSARA 22264 28-09-2026 EL ATENEO.xls;MASSARA;22264;12;22264;727009.0;9789500216012;CUENTOS CORTOS PARA EL RECREO;2.0;9789500216012;ya era ISBN-13
AMPLIACION - MASSARA 22264 28-09-2026 EL ATENEO.xls;MASSARA;22264;13;22264;748666.0;9789500218016;EDAD QUE ELEGIMOS, LA;2.0;9789500218016;ya era ISBN-13
AMPLIACION - MASSARA 22264 28-09-2026 EL ATENEO.xls;MASSARA;22264;14;22264;742444.0;9789500216951;EXPLOREMOS LA CASA;2.0;9789500216951;ya era ISBN-13
AMPLIACION - MASSARA 22264 28-09-2026 EL ATENEO.xls;MASSARA;22264;15;22264;737041.0;9789500216357;QUIEN ESTA AHI? EN LA SELVA;2.0;9789500216357;ya era ISBN-13
AMPLIACION - MASSARA 22264 28-09-2026 EL ATENEO.xls;MASSARA;22264;16;22264;727018.0;9789500215992;SOBRE LA VIDA FELIZ;2.0;9789500215992;ya era ISBN-13
AMPLIACION - MASSARA 22264 28-09-2026 EL ATENEO.xls;MASSARA;22264;17;22264;710536.0;9789500214285;DIEZ DIAS PARA NO MORIR;2.0;9789500214285;ya era ISBN-13
AMPLIACION - MASSARA 22264 28-09-2026 EL ATENEO.xls;MASSARA;22264;18;22264;742443.0;9789500216944;EXPLOREMOS LA GRANJA;3.0;9789500216944;ya era ISBN-13
AMPLIACION - MASSARA 22264 28-09-2026 EL ATENEO.xls;MASSARA;22264;19;22264;747647.0;9789500217033;STICKERS MAGICOS: GRANJA;3.0;9789500217033;ya era ISBN-13
AMPLIACION - MASSARA 22264 28-09-2026 EL ATENEO.xls;MASSARA;22264;20;22264;748667.0;9789500218078;VOLVER A CREER;3.0;9789500218078;ya era ISBN-13
AMPLIACION - MORALES 22417 28-09-2026 EL ATENEO.xls;MORALES;22417;2;22417;713081.0;9789500214742;NAZIS ARGENTINOS;2.0;9789500214742;ya era ISBN-13
AMPLIACION - MORALES 22417 28-09-2026 EL ATENEO.xls;MORALES;22417;3;22417;714679.0;9789500214995;VACA EN SU HAMACA, LA - TR;1.0;9789500214995;ya era ISBN-13
AMPLIACION - MORALES 22417 28-09-2026 EL ATENEO.xls;MORALES;22417;4;22417;729382.0;9789500216296;VOY A TENER UN HERMANITO - TR;3.0;9789500216296;ya era ISBN-13
AMPLIACION - PIOVACARI 21890 28-09-2026 EL ATENEO.xls;PIOVACARI;21890;2;21890;743066.0;9789500217521;AVENTURAS DE SHERLOCK HOLMES, LAS (ED. POCKET);1.0;9789500217521;ya era ISBN-13
AMPLIACION - PIOVACARI 21890 28-09-2026 EL ATENEO.xls;PIOVACARI;21890;3;21890;740173.0;9789500216517;BENJAMIN EN EL JARDIN;1.0;9789500216517;ya era ISBN-13
AMPLIACION - PIOVACARI 21890 28-09-2026 EL ATENEO.xls;PIOVACARI;21890;4;21890;673647.0;9789500210416;CUENTOS CORTOS PARA SOÑAR 2;1.0;9789500210416;ya era ISBN-13
AMPLIACION - PIOVACARI 21890 28-09-2026 EL ATENEO.xls;PIOVACARI;21890;5;21890;744136.0;9789500217644;ENREDOS DEL CORAZON;1.0;9789500217644;ya era ISBN-13
AMPLIACION - PIOVACARI 21890 28-09-2026 EL ATENEO.xls;PIOVACARI;21890;6;21890;740175.0;9789500216524;RENATA EN LA GRANJA;1.0;9789500216524;ya era ISBN-13
AMPLIACION - PIOVACARI 21890 28-09-2026 EL ATENEO.xls;PIOVACARI;21890;7;21890;743068.0;9789500217460;VACA VA A SER HERMANA, LA;1.0;9789500217460;ya era ISBN-13
AMPLIACION - PIOVACARI 21890 28-09-2026 EL ATENEO.xls;PIOVACARI;21890;8;21890;678281.0;9789500211178;CUENTOS CORTOS PARA SOÑAR 3;2.0;9789500211178;ya era ISBN-13
AMPLIACION - PRADO 21607 28-09-2026 EL ATENEO.xls;PRADO;21607;2;21607;720931.0;9789500215176;LETRAS;1.0;9789500215176;ya era ISBN-13
AMPLIACION - PRADO 21607 28-09-2026 EL ATENEO.xls;PRADO;21607;3;21607;700534.0;9789500213257;PASTELERIA ARGENTINA;1.0;9789500213257;ya era ISBN-13
AMPLIACION - PRADO 21607 28-09-2026 EL ATENEO.xls;PRADO;21607;4;21607;742445.0;9789500216777;PEQUEÑOS PASOS: MIS ANIMALES;1.0;9789500216777;ya era ISBN-13
AMPLIACION - PRADO 21607 28-09-2026 EL ATENEO.xls;PRADO;21607;5;21607;718919.0;9789500215374;TEO Y ANA INVESTIGAN EL UNIVERSO;1.0;9789500215374;ya era ISBN-13
AMPLIACION - PRADO 21607 28-09-2026 EL ATENEO.xls;PRADO;21607;6;21607;709129.0;9789500214100;VACA SUS MIEDOS ATACA, LA - 2DA. EDICION TR;1.0;9789500214100;ya era ISBN-13
AMPLIACION - PRADO 21607 28-09-2026 EL ATENEO.xls;PRADO;21607;7;21607;748666.0;9789500218016;EDAD QUE ELEGIMOS, LA;2.0;9789500218016;ya era ISBN-13
AMPLIACION - PRADO 21607 28-09-2026 EL ATENEO.xls;PRADO;21607;8;21607;747643.0;9789500217057;GATITO, ¿POR QUE ESTAS ENOJADO?;2.0;9789500217057;ya era ISBN-13
AMPLIACION - PRADO 21607 28-09-2026 EL ATENEO.xls;PRADO;21607;9;21607;699699.0;9789500213066;VACA EN SU HAMACA, LA;2.0;9789500213066;ya era ISBN-13
AMPLIACION - PRADO 21607 28-09-2026 EL ATENEO.xls;PRADO;21607;10;21607;737451.0;9789500216388;METAMORFOSIS, LA;2.0;9789500216388;ya era ISBN-13
AMPLIACION - PRADO 21607 28-09-2026 EL ATENEO.xls;PRADO;21607;11;21607;747596.0;9789500217859;VENDER ES PODER;2.0;9789500217859;ya era ISBN-13
AMPLIACION - RE 20363 28-09-2026 EL ATENEO.xls;RE;20363;2;};740153.0;9789500217194;ABUELAS;1.0;9789500217194;ya era ISBN-13
AMPLIACION - RE 20363 28-09-2026 EL ATENEO.xls;RE;20363;3;20363;682010.0;9789500211598;AMANTES DE BUENOS AIRES;1.0;9789500211598;ya era ISBN-13
AMPLIACION - RE 20363 28-09-2026 EL ATENEO.xls;RE;20363;4;20363;731835.0;9789500216036;ANIMALES CON SUPERPODERES;1.0;9789500216036;ya era ISBN-13
AMPLIACION - RE 20363 28-09-2026 EL ATENEO.xls;RE;20363;5;20363;737882.0;9789500216456;AUGE Y CAIDA;1.0;9789500216456;ya era ISBN-13
AMPLIACION - RE 20363 28-09-2026 EL ATENEO.xls;RE;20363;6;20363;668113.0;9789500210157;CUENTOS CORTOS PARA SOÑAR;1.0;9789500210157;ya era ISBN-13
AMPLIACION - RE 20363 28-09-2026 EL ATENEO.xls;RE;20363;7;20363;681371.0;9789500210669;FIN DEL AUTOODIO, EL;1.0;9789500210669;ya era ISBN-13
AMPLIACION - RE 20363 28-09-2026 EL ATENEO.xls;RE;20363;8;20363;711850.0;9789500214506;MINICUENTOS DE VERANO;1.0;9789500214506;ya era ISBN-13
AMPLIACION - RE 20363 28-09-2026 EL ATENEO.xls;RE;20363;9;20363;668114.0;9789500210133;MI PLANTA DE NARANJA LIMA - EDICION ESPECIAL;2.0;9789500210133;ya era ISBN-13
AMPLIACION - RE 20363 28-09-2026 EL ATENEO.xls;RE;20363;10;20363;734151.0;9789500216685;BIBLIA DE LOS NIÑOS, LA;2.0;9789500216685;ya era ISBN-13
AMPLIACION - RE 20363 28-09-2026 EL ATENEO.xls;RE;20363;11;20363;734150.0;9789500216708;MAGIA DE IVY, LA;2.0;9789500216708;ya era ISBN-13
AMPLIACION - RE 20363 28-09-2026 EL ATENEO.xls;RE;20363;12;20363;745992.0;9789500217767;SUPERCUENTOS DE GOL;2.0;9789500217767;ya era ISBN-13
AMPLIACION - RECREO 22481 28-09-2026 EL ATENEO.xls;RECREO;22481;2;22481;671442.0;9789500210263;WATSON & CIA;1.0;9789500210263;ya era ISBN-13
AMPLIACION - RECREO 22481 28-09-2026 EL ATENEO.xls;RECREO;22481;3;22481;745988.0;9789500217729;LEGION SECRETA DEL SUR, LA;2.0;9789500217729;ya era ISBN-13
AMPLIACION - RECREO 22481 28-09-2026 EL ATENEO.xls;RECREO;22481;4;22481;745992.0;9789500217767;SUPERCUENTOS DE GOL;2.0;9789500217767;ya era ISBN-13
AMPLIACION - RECREO 22481 28-09-2026 EL ATENEO.xls;RECREO;22481;5;22481;609572.0;9789500298780;CONSTITUCION NACIONAL;5.0;9789500298780;ya era ISBN-13
AMPLIACION - RUBEN DIAZ 22276 28-09-2026 EL ATENEO.xls;RUBEN DIAZ;22276;2;22276;741979.0;9789500216814;AMIGOS DE LA GRANJA;1.0;9789500216814;ya era ISBN-13
AMPLIACION - RUBEN DIAZ 22276 28-09-2026 EL ATENEO.xls;RUBEN DIAZ;22276;3;22276;741981.0;9789500216807;AMIGOS DEL BOSQUE;1.0;9789500216807;ya era ISBN-13
AMPLIACION - RUBEN DIAZ 22276 28-09-2026 EL ATENEO.xls;RUBEN DIAZ;22276;4;22276;742445.0;9789500216777;PEQUEÑOS PASOS: MIS ANIMALES;1.0;9789500216777;ya era ISBN-13
AMPLIACION - RUBEN DIAZ 22276 28-09-2026 EL ATENEO.xls;RUBEN DIAZ;22276;5;;;9789500213486;CUENTOS CORTOS PARA PINTAR 2 ;2.0;9789500213486;ya era ISBN-13
AMPLIACION - RUBEN DIAZ 22276 28-09-2026 EL ATENEO.xls;RUBEN DIAZ;22276;6;22276;668113.0;9789500210157;CUENTOS CORTOS PARA SOÑAR;2.0;9789500210157;ya era ISBN-13
AMPLIACION - RUBEN DIAZ 22276 28-09-2026 EL ATENEO.xls;RUBEN DIAZ;22276;7;22276;734150.0;9789500216708;MAGIA DE IVY, LA;2.0;9789500216708;ya era ISBN-13
AMPLIACION - RUBEN DIAZ 22276 28-09-2026 EL ATENEO.xls;RUBEN DIAZ;22276;8;22276;730437.0;9789500216333;NUEVO LABORATORIO DEL ALMA, EL;2.0;9789500216333;ya era ISBN-13
AMPLIACION - RUBEN DIAZ 22276 28-09-2026 EL ATENEO.xls;RUBEN DIAZ;22276;9;22276;742446.0;9789500216760;PEQUEÑOS PASOS: MI MUNDO;2.0;9789500216760;ya era ISBN-13
AMPLIACION - RUBEN DIAZ 22276 28-09-2026 EL ATENEO.xls;RUBEN DIAZ;22276;10;22276;731833.0;9789500216432;TEO Y ANA INVESTIGA LOS SERES FANTASTICOS;2.0;9789500216432;ya era ISBN-13
AMPLIACION - RUBEN DIAZ 22276 28-09-2026 EL ATENEO.xls;RUBEN DIAZ;22276;11;22276;707950.0;9789500213936;TEO Y ANA INVESTIGAN LOS DEPORTES;2.0;9789500213936;ya era ISBN-13
AMPLIACION - RUBEN DIAZ 22276 28-09-2026 EL ATENEO.xls;RUBEN DIAZ;22276;12;22276;747599.0;9789500217897;GIMNASIA MENTAL: ENIGMAS Y ASOCIACIONES;3.0;9789500217897;ya era ISBN-13
AMPLIACION - RUBEN DIAZ 22276 28-09-2026 EL ATENEO.xls;RUBEN DIAZ;22276;13;22276;747600.0;9789500217880;GIMNASIA MENTAL: JUEGOS DE LOGICA;3.0;9789500217880;ya era ISBN-13
AMPLIACION - RUBEN DIAZ 22276 28-09-2026 EL ATENEO.xls;RUBEN DIAZ;22276;14;;;9789500217026;STICKERS MAGICOS: DINOSAURIOS ;3.0;9789500217026;ya era ISBN-13
AMPLIACION - RUBEN DIAZ 22276 28-09-2026 EL ATENEO.xls;RUBEN DIAZ;22276;15;;;9789500217033;STICKERS MAGICOS: GRANJA ;3.0;9789500217033;ya era ISBN-13
AMPLIACION - RUBEN DIAZ 22276 28-09-2026 EL ATENEO.xls;RUBEN DIAZ;22276;16;;;9789500217767;SUPERCUENTOS DE GOL ;3.0;9789500217767;ya era ISBN-13
AMPLIACION - RUBEN DIAZ 22276 28-09-2026 EL ATENEO.xls;RUBEN DIAZ;22276;17;22276;747595.0;9789500217866;AMARANTIA;5.0;9789500217866;ya era ISBN-13
AMPLIACION - RUIZ 22065 28-09-2026 EL ATENEO.xls;RUIZ;22065;2;22065;741979.0;9789500216814;AMIGOS DE LA GRANJA;1.0;9789500216814;ya era ISBN-13
AMPLIACION - RUIZ 22065 28-09-2026 EL ATENEO.xls;RUIZ;22065;3;22065;742445.0;9789500216777;PEQUEÑOS PASOS: MIS ANIMALES;1.0;9789500216777;ya era ISBN-13
AMPLIACION - RUIZ 22065 28-09-2026 EL ATENEO.xls;RUIZ;22065;4;22065;748670.0;9789500218047;PRINCIPITO, EL;1.0;9789500218047;ya era ISBN-13
AMPLIACION - RUIZ 22065 28-09-2026 EL ATENEO.xls;RUIZ;22065;5;22065;735115.0;9789500216234;SUPER UNICORNIOS: FIESTA DE FLORES;1.0;9789500216234;ya era ISBN-13
AMPLIACION - RUIZ 22065 28-09-2026 EL ATENEO.xls;RUIZ;22065;6;22065;745992.0;9789500217767;SUPERCUENTOS DE GOL;1.0;9789500217767;ya era ISBN-13
AMPLIACION - RUIZ 22065 28-09-2026 EL ATENEO.xls;RUIZ;22065;7;22065;748667.0;9789500218078;VOLVER A CREER;1.0;9789500218078;ya era ISBN-13
AMPLIACION - RUIZ 22065 28-09-2026 EL ATENEO.xls;RUIZ;22065;8;22065;734151.0;9789500216685;BIBLIA DE LOS NIÑOS, LA;2.0;9789500216685;ya era ISBN-13
AMPLIACION - RUIZ 22065 28-09-2026 EL ATENEO.xls;RUIZ;22065;9;22065;392615.0;9789500253383;DICCIONARIO DE SINONIMOS Y ANTONIMOS;3.0;9789500253383;ya era ISBN-13
AMPLIACION - SCHAPIRA 21923 28-09-2026 EL ATENEO.xls;SCHAPIRA;21923;2;21923;743066.0;9789500217521;AVENTURAS DE SHERLOCK HOLMES, LAS (ED. POCKET);1.0;9789500217521;ya era ISBN-13
AMPLIACION - SCHAPIRA 21923 28-09-2026 EL ATENEO.xls;SCHAPIRA;21923;3;21923;727017.0;9789500216029;FILOSOFIA COMO NUNCA LA VISTE;1.0;9789500216029;ya era ISBN-13
AMPLIACION - SCHAPIRA 21923 28-09-2026 EL ATENEO.xls;SCHAPIRA;21923;4;21923;678455.0;9789500211109;TEO Y ANA INVESTIGAN LOS ANIMALES;3.0;9789500211109;ya era ISBN-13
AMPLIACION - SUAREZ 21926 28-09-2026 EL ATENEO.xls;SUAREZ;21926;2;21926;731833.0;9789500216432;TEO Y ANA INVESTIGA LOS SERES FANTASTICOS;1.0;9789500216432;ya era ISBN-13
AMPLIACION - SUAREZ 21926 28-09-2026 EL ATENEO.xls;SUAREZ;21926;3;21926;694754.0;9789500212717;TEO Y ANA INVESTIGAN LA HISTORIA;1.0;9789500212717;ya era ISBN-13
AMPLIACION - SUAREZ 21926 28-09-2026 EL ATENEO.xls;SUAREZ;21926;4;21926;732486.0;9789500215893;¡ACA ESTOY! VAQUITA;2.0;9789500215893;ya era ISBN-13
AMPLIACION - SUAREZ 21926 28-09-2026 EL ATENEO.xls;SUAREZ;21926;5;21926;741979.0;9789500216814;AMIGOS DE LA GRANJA;2.0;9789500216814;ya era ISBN-13
AMPLIACION - SUAREZ 21926 28-09-2026 EL ATENEO.xls;SUAREZ;21926;6;21926;748590.0;9789500217309;AQUI ESTOY! DINOSAURITO;2.0;9789500217309;ya era ISBN-13
AMPLIACION - SUAREZ 21926 28-09-2026 EL ATENEO.xls;SUAREZ;21926;7;21926;747645.0;9789500217040;DINO, ¿POR QUE ESTAS TRISTE?;2.0;9789500217040;ya era ISBN-13
AMPLIACION - SUAREZ 21926 28-09-2026 EL ATENEO.xls;SUAREZ;21926;8;21926;747642.0;9789500217064;PEQUEÑOS LIBROS - LITTLE BOOKS;2.0;9789500217064;ya era ISBN-13
AMPLIACION - SUAREZ 21926 28-09-2026 EL ATENEO.xls;SUAREZ;21926;9;21926;747647.0;9789500217033;STICKERS MAGICOS: GRANJA;2.0;9789500217033;ya era ISBN-13
AMPLIACION - SUAREZ 21926 28-09-2026 EL ATENEO.xls;SUAREZ;21926;10;21926;747643.0;9789500217057;GATITO, ¿POR QUE ESTAS ENOJADO?;3.0;9789500217057;ya era ISBN-13
AMPLIACION - FRAY MOCHO SA 21896 28-09-2026 EL ATENEO.xls;FRAY MOCHO SA;21896;2;21896;;9789500218160;PROMESA DE SANGRE;5.0;9789500218160;ya era ISBN-13
AMPLIACION - FRAY MOCHO SA 21896 28-09-2026 EL ATENEO.xls;FRAY MOCHO SA;21896;3;21896;;9789500217866;AMARANTIA;6.0;9789500217866;ya era ISBN-13
AMPLIACION - FRAY MOCHO SA 21896 28-09-2026 EL ATENEO.xls;FRAY MOCHO SA;21896;4;21896;;9789500218016;EDAD QUE ELEGIMOS, LA;8.0;9789500218016;ya era ISBN-13
AMPLIACION - FRAY MOCHO SA 21896 28-09-2026 EL ATENEO.xls;FRAY MOCHO SA;21896;5;21896;;9789500217675;CUMPLE DE 15;15.0;9789500217675;ya era ISBN-13
AMPLIACION - FRAY MOCHO SA 21896 28-09-2026 EL ATENEO.xls;FRAY MOCHO SA;21896;6;21896;;9789500217514;RESETEA TUS INTESTINOS (3ª EDICION);15.0;9789500217514;ya era ISBN-13
